,onwind,solar,load
1,0.749905792,0,1408.29
2,0.743241716,0,1371.35
3,0.735164851,0,1336.41
4,0.706298331,0,1321.28
5,0.668160957,0,1400.29
6,0.623158195,0,1514.77
7,0.596369622,0,1770.52
8,0.529528021,0.032726915,2042.32
9,0.493868805,0.339955691,2200.9
10,0.272061328,0.561343372,2282.66
11,0.20225348,0.520608937,2346.79
12,0.212462952,0.450633612,2361.46
13,0.301798241,0.42659647,2315.82
14,0.355903541,0.305096431,2250.8
15,0.425253143,0.190694245,2122.71
16,0.568162034,0.099716945,2041.97
17,0.595156478,0.00907265,2038.67
18,0.586372221,0,2171.32
19,0.570316899,0,2190.08
20,0.601686747,0,2170.91
21,0.607568168,0,2029.82
22,0.63791684,0,1865.58
23,0.613257987,0,1696.7
24,0.658840428,0,1538.34
25,0.716074346,0,1414.51
26,0.734037051,0,1348.9
27,0.726885211,0,1337.12
28,0.694901513,0,1346.17
29,0.67267997,0,1388.26
30,0.573619431,0,1500.57
31,0.509072659,0,1734.41
32,0.457292734,0.029469972,1987.33
33,0.442143206,0.31893371,2152.91
34,0.392997824,0.284022482,2282.63
35,0.336690782,0.146711011,2308.19
36,0.332128859,0.167494086,2333.58
37,0.254596938,0.195157752,2339.53
38,0.195336813,0.198597581,2257.36
39,0.18102795,0.181538934,2110.67
40,0.181721605,0.130761737,2025.14
41,0.219553736,0.012629772,2010.72
42,0.266657153,0,2176.34
43,0.341527652,0,2231.72
44,0.306593205,0,2196.91
45,0.407867098,0,2066.37
46,0.595006296,0,1910.98
47,0.768387092,0,1719.4
48,0.795229515,0,1516.12
49,0.7998132,0,1404.2
50,0.804184732,0,1339.02
51,0.800686738,0,1316.66
52,0.80163909,0,1316.65
53,0.799141204,0,1372.06
54,0.7954143,0,1467.25
55,0.795334391,0,1724.87
56,0.795313175,0.046129745,2018.4
57,0.78232049,0.436949127,2181.4
58,0.778690634,0.669527991,2287.54
59,0.745352174,0.612043822,2319.04
60,0.69675352,0.541243975,2340.8
61,0.668554425,0.539280593,2334.16
62,0.642882417,0.607655952,2237.25
63,0.616913858,0.668295975,2109.88
64,0.629143817,0.438942131,2035.4
65,0.590030196,0.046824285,2042.79
66,0.644905445,0,2142.66
67,0.690752791,0,2202.33
68,0.704924415,0,2198.14
69,0.735431572,0,2029.03
70,0.6927626,0,1910.8
71,0.591667833,0,1708.02
72,0.501489385,0,1524.52
73,0.439122241,0,1415.62
74,0.397171976,0,1334.22
75,0.397238571,0,1302.41
76,0.397549469,0,1300.07
77,0.377236542,0,1365.19
78,0.435164599,0,1480.99
79,0.485914215,0,1739.93
80,0.503889323,0.019611406,2001.2
81,0.506232934,0.180699625,2180.37
82,0.372779971,0.292628755,2275.27
83,0.296138017,0.366921302,2299.62
84,0.408466102,0.418997083,2326.63
85,0.542321561,0.505770678,2321.47
86,0.615198122,0.577518513,2224.25
87,0.620844596,0.586752893,2113.07
88,0.570844492,0.42605646,2030.23
89,0.619592647,0.048628671,2044.87
90,0.663395279,0,2213.99
91,0.697746846,0,2236.89
92,0.727680107,0,2226.39
93,0.770981523,0,2048.59
94,0.777097378,0,1890.01
95,0.760537988,0,1723.93
96,0.755606203,0,1543.79
97,0.745973106,0,1417.95
98,0.758335843,0,1360.78
99,0.756932413,0,1339.32
100,0.754387395,0,1345.7
101,0.73046035,0,1403.41
102,0.735329874,0,1536.56
103,0.740883575,0,1787.12
104,0.743905941,0.0419138,2068.69
105,0.749359684,0.411061315,2234.98
106,0.679529634,0.652573568,2284.56
107,0.64548875,0.60937762,2303.14
108,0.60008718,0.534753509,2348.16
109,0.535886532,0.53225328,2324.75
110,0.525641027,0.600716608,2221.74
111,0.50848312,0.656709964,2103.77
112,0.500321937,0.302099877,2044.37
113,0.655413869,0.030807221,2057.93
114,0.712278471,0,2203.58
115,0.702327699,0,2247.12
116,0.713648426,0,2234.64
117,0.688895899,0,2071.87
118,0.623966083,0,1914.11
119,0.565144299,0,1747.54
120,0.49550556,0,1543.66
121,0.403159296,0,1380.22
122,0.32666367,0,1315.16
123,0.268096086,0,1296.02
124,0.162400739,0,1270.91
125,0.107360133,0,1287
126,0.074434195,0,1315.17
127,0.061935939,0,1414.1
128,0.052249674,0.022587366,1492.33
129,0.058914816,0.193492649,1603.2
130,0.047816997,0.387357292,1644.41
131,0.021485933,0.314229668,1658.47
132,0.009284059,0.285221449,1649.29
133,0.008193817,0.23874732,1637.3
134,0.005981925,0.211393649,1629.28
135,0.003354999,0.364976613,1640.34
136,0.003312124,0.277569991,1644
137,0.004513188,0.035484613,1722.24
138,0.009431364,0,1943.87
139,0.002851065,0,2035.24
140,0.001307009,0,2046.22
141,0.003129843,0,2006.77
142,0.007589002,0,1874.28
143,0.002453984,0,1677.66
144,0.000915703,0,1527.99
145,0.004822885,0,1296.78
146,0.006583351,0,1215.03
147,0.03364284,0,1233.82
148,0.072072099,0,1217.33
149,0.112310262,0,1207.85
150,0.196877042,0,1297.88
151,0.292028194,0,1307.44
152,0.429482248,0.002740768,1361.4
153,0.542311212,0.034893475,1513.99
154,0.510612779,0.101216265,1605.24
155,0.567113166,0.102543929,1548.42
156,0.626598711,0.107373305,1540.63
157,0.641582478,0.136770191,1516.5
158,0.6273556,0.137903918,1486.37
159,0.622871465,0.098205052,1556.14
160,0.648372328,0.103126126,1528.11
161,0.609131401,0.014655054,1559.84
162,0.561617983,0,1713.45
163,0.452222721,0,1825.37
164,0.378982663,0,1838.08
165,0.358191062,0,1795.43
166,0.299136006,0,1679.39
167,0.42109427,0,1549.98
168,0.448970186,0,1345.21
169,0.411805082,0,1366.78
170,0.432296002,0,1333.07
171,0.42235861,0,1327.95
172,0.410060175,0,1321.93
173,0.371486528,0,1364.49
174,0.305214563,0,1490.47
175,0.243615983,0,1745.22
176,0.193907669,0.019766309,2024.37
177,0.145175568,0.182961323,2195.32
178,0.089025173,0.377672945,2291.39
179,0.065133374,0.334642844,2317.01
180,0.102857624,0.313566673,2335.83
181,0.070764253,0.291020352,2315.31
182,0.090504422,0.298892459,2227.13
183,0.183080069,0.226144576,2111.15
184,0.157508163,0.084968006,2034.94
185,0.300252299,0.007404784,2037.15
186,0.435135591,0,2170
187,0.625485457,0,2207.56
188,0.600862053,0,2210.16
189,0.696158288,0,2065.47
190,0.743187104,0,1894.95
191,0.771471793,0,1716.09
192,0.786268354,0,1545.18
193,0.787703512,0,1411
194,0.796226995,0,1331.53
195,0.799959688,0,1307.4
196,0.801583526,0,1304.24
197,0.803607791,0,1366.8
198,0.804684743,0,1470.01
199,0.805373605,0,1742.62
200,0.805774625,0.042893047,2004.73
201,0.805775587,0.418617557,2177.43
202,0.805500199,0.664064993,2293.35
203,0.805559371,0.621116572,2327.54
204,0.805628353,0.559871108,2350.87
205,0.805619901,0.55579857,2352.74
206,0.805839055,0.617150812,2267.79
207,0.805886671,0.67358036,2157.84
208,0.805057032,0.472257149,2075.97
209,0.805754989,0.071311853,2052.02
210,0.805886671,0,2200.94
211,0.805858147,0,2227.64
212,0.805836421,0,2200.75
213,0.805698395,0,2065.39
214,0.805847553,0,1858.11
215,0.805333616,0,1687
216,0.805282848,0,1512.13
217,0.79858885,0,1388.37
218,0.790482869,0,1318.33
219,0.793485896,0,1301.46
220,0.802905838,0,1304.06
221,0.805003296,0,1350.85
222,0.796331977,0,1476.23
223,0.788347843,0,1724.36
224,0.740125087,0.052415965,1998.28
225,0.764670822,0.459376691,2170.2
226,0.742522893,0.699594682,2293.63
227,0.743345344,0.63870284,2348.97
228,0.759081306,0.549257202,2359.78
229,0.751360702,0.492929361,2340.94
230,0.736037666,0.562161679,2249.22
231,0.75563854,0.596558347,2165.9
232,0.738885388,0.420091363,2081.39
233,0.751039642,0.062551829,2053.52
234,0.778028475,0,2189.13
235,0.775421433,0,2212.52
236,0.747422389,0,2190.24
237,0.690074975,0,2035.56
238,0.591552651,0,1864.88
239,0.509716016,0,1692.09
240,0.502718018,0,1509.4
241,0.484473193,0,1397.05
242,0.482817678,0,1305.47
243,0.474642654,0,1281.22
244,0.476060646,0,1298.15
245,0.451259044,0,1352.16
246,0.434927867,0,1471.3
247,0.406900711,0,1733.26
248,0.359877303,0.014446099,2031.83
249,0.333307091,0.198766121,2203.13
250,0.204649966,0.510879024,2299.21
251,0.127703114,0.336362094,2331.09
252,0.08145451,0.318900192,2362.69
253,0.046047672,0.388085439,2349.43
254,0.013640191,0.326219597,2258.94
255,0.002255114,0.351336373,2124.11
256,0.001876063,0.305319242,2047.82
257,0.01223377,0.047267156,2056.62
258,0.052025565,0,2176.45
259,0.125036166,0,2219.92
260,0.22962629,0,2173.79
261,0.346714924,0,2045.92
262,0.475717176,0,1877.74
263,0.636243222,0,1703.87
264,0.663844202,0,1505.55
265,0.738183996,0,1388.21
266,0.776719399,0,1303.09
267,0.788640804,0,1282.79
268,0.784297191,0,1293.88
269,0.787033356,0,1354.29
270,0.766636401,0,1499.42
271,0.738296063,0,1777.49
272,0.788078018,0.039694913,2058.19
273,0.801904119,0.381935525,2230.33
274,0.799607724,0.623139376,2338.34
275,0.799678598,0.523487537,2385.75
276,0.801807473,0.34353246,2393.97
277,0.802382099,0.388419441,2400.61
278,0.798775612,0.3359211,2317.19
279,0.799968787,0.217198202,2188.58
280,0.798510467,0.092742923,2096.77
281,0.804875505,0.012471874,2084.69
282,0.804886638,0,2242.14
283,0.805434445,0,2288.71
284,0.805868634,0,2231.33
285,0.805752083,0,2099.28
286,0.805794081,0,1952.06
287,0.805599499,0,1735.55
288,0.805708799,0,1532.4
289,0.805378974,0,1357.87
290,0.805559705,0,1287.62
291,0.805307535,0,1233.36
292,0.804134214,0,1218.34
293,0.8026708,0,1226.24
294,0.801538601,0,1269.44
295,0.801118055,0,1387.8
296,0.801425112,0.063107196,1457.97
297,0.801369466,0.479931199,1538.6
298,0.792475411,0.71767395,1610.27
299,0.759310822,0.655796197,1617.77
300,0.754491102,0.584035412,1634.74
301,0.75714964,0.577203045,1683.56
302,0.75700857,0.644256489,1630.06
303,0.752042128,0.714958393,1620
304,0.742349435,0.547396145,1638.52
305,0.771979431,0.102787766,1709.68
306,0.793605684,0,1881.98
307,0.798914277,0,1981.59
308,0.791841937,0,2003.44
309,0.776758967,0,1999.72
310,0.753982939,0,1878.07
311,0.720300594,0,1668.41
312,0.694147022,0,1484.69
313,0.678434288,0,1266.32
314,0.66325415,0,1185.68
315,0.639317463,0,1200.68
316,0.612959863,0,1185.46
317,0.606257707,0,1171.25
318,0.601505475,0,1271.19
319,0.561120356,0,1310.67
320,0.488205182,0.027858291,1351.91
321,0.417577481,0.151807519,1485.66
322,0.300594005,0.39392211,1543.28
323,0.275315026,0.506696422,1503.7
324,0.295617825,0.555070989,1504.02
325,0.348585025,0.568456937,1527.85
326,0.39862232,0.627194969,1485.49
327,0.484299445,0.681142739,1493
328,0.497211303,0.508404227,1515.34
329,0.591619425,0.095567493,1522.99
330,0.621825421,0,1740.14
331,0.635785349,0,1828.92
332,0.640436791,0,1823.98
333,0.59857257,0,1808
334,0.556400475,0,1656.34
335,0.49920847,0,1474.53
336,0.469866415,0,1331.65
337,0.486684101,0,1384.47
338,0.436210123,0,1339.27
339,0.380356395,0,1319.07
340,0.325708264,0,1320.8
341,0.261169756,0,1368.85
342,0.178112291,0,1490.22
343,0.093607615,0,1737.59
344,0.044696538,0.014122858,2024.88
345,0.025265477,0.248662254,2179.87
346,0.010712686,0.519142117,2273.99
347,0.003791403,0.33031257,2305.3
348,0.016647511,0.339257582,2334.88
349,0.058971064,0.333470622,2337.88
350,0.178761459,0.457535372,2237.24
351,0.437106659,0.427343594,2107.43
352,0.690183178,0.171252457,2032.48
353,0.793077029,0.019550158,2020.39
354,0.802159893,0,2158.85
355,0.804774882,0,2202.71
356,0.804434576,0,2185.46
357,0.803841086,0,2059.42
358,0.804981906,0,1897.2
359,0.805081446,0,1724.03
360,0.805184697,0,1522.64
361,0.803777283,0,1401.21
362,0.803483726,0,1321.82
363,0.797702574,0,1299.97
364,0.79588684,0,1300.4
365,0.794430384,0,1358.58
366,0.794675653,0,1473.22
367,0.791883161,0,1734.1
368,0.787816557,0.063730936,1999.84
369,0.774339167,0.476323223,2165.57
370,0.730791246,0.714893005,2298.43
371,0.700825928,0.662816718,2321.03
372,0.665903198,0.592406077,2320.69
373,0.661461646,0.572063828,2342.85
374,0.655937859,0.634397922,2244.09
375,0.662408499,0.714926615,2125.3
376,0.584608997,0.565643896,2062.54
377,0.632588263,0.119216325,2031.96
378,0.672748346,0,2152.38
379,0.730019676,0,2220.26
380,0.771953478,0,2172.71
381,0.769238131,0,2035.89
382,0.734779856,0,1890.38
383,0.663015826,0,1691.63
384,0.520533729,0,1517.56
385,0.547654132,0,1399.27
386,0.587756869,0,1329.4
387,0.613350372,0,1305.03
388,0.655227592,0,1299.4
389,0.669953374,0,1362.06
390,0.647486348,0,1489.85
391,0.603865136,0,1732.81
392,0.558924898,0.020463849,2010.39
393,0.524860929,0.292353547,2161.35
394,0.369523063,0.73108873,2276.26
395,0.235117939,0.666457134,2329.52
396,0.147950364,0.558505643,2323.3
397,0.094209088,0.493164059,2316.47
398,0.068201608,0.398083166,2232.17
399,0.044573641,0.212736675,2115.31
400,0.024420922,0.066322472,2016.13
401,0.047549323,0.013232403,2045.57
402,0.087789869,0,2225.73
403,0.160424133,0,2240.5
404,0.232410407,0,2183.74
405,0.341283654,0,2047.24
406,0.51049187,0,1875.93
407,0.617592623,0,1709.4
408,0.620813699,0,1541.99
409,0.60970906,0,1408.56
410,0.625823164,0,1332.99
411,0.685570057,0,1309
412,0.723675326,0,1307.03
413,0.757557614,0,1359.64
414,0.774711834,0,1477.72
415,0.78334829,0,1746.65
416,0.796366567,0.004629657,2014.28
417,0.804857655,0.025231403,2175.68
418,0.805886671,0.04269339,2287.55
419,0.805883376,0.076539077,2316.6
420,0.805868923,0.101056449,2332.03
421,0.805871195,0.109282233,2324.91
422,0.805434913,0.059195313,2244.6
423,0.803593574,0.045964798,2155.86
424,0.79625652,0.274457094,2049.99
425,0.752362747,0.077768289,2025.6
426,0.712147576,0,2173.95
427,0.611068724,0,2236.97
428,0.579617353,0,2175.66
429,0.550832892,0,2042.62
430,0.654892593,0,1875.99
431,0.722742595,0,1700.43
432,0.711200892,0,1549.05
433,0.666420595,0,1414.53
434,0.640962744,0,1339.99
435,0.586138864,0,1309.29
436,0.547753187,0,1302.65
437,0.522725344,0,1370.57
438,0.499225193,0,1482.39
439,0.563677712,0,1748.62
440,0.554667764,0.002706157,2004.96
441,0.520803916,0.013502516,2156.45
442,0.428509763,0.036250364,2274.89
443,0.343230011,0.042309152,2313.23
444,0.301850165,0.199265168,2329.14
445,0.286733464,0.242828015,2307.51
446,0.295013727,0.161808004,2223.93
447,0.347014441,0.079454675,2126.89
448,0.425036747,0.037169771,2030.76
449,0.494866017,0.012600608,2007.74
450,0.564725895,0,2165.53
451,0.63699063,0,2239.21
452,0.680493653,0,2188.46
453,0.689532526,0,2036.82
454,0.699009309,0,1875.75
455,0.700703317,0,1695.91
456,0.699486495,0,1522.63
457,0.702818448,0,1352.2
458,0.711563451,0,1273.25
459,0.723981955,0,1258.19
460,0.714423086,0,1252.73
461,0.705863279,0,1244.18
462,0.665017883,0,1265.9
463,0.64998806,0,1387.3
464,0.609420931,0.046716677,1458.75
465,0.488795947,0.393502171,1545.68
466,0.363531774,0.504437521,1635.1
467,0.259430985,0.39427207,1629.47
468,0.195817786,0.3971788,1659.11
469,0.179679764,0.476340491,1690.46
470,0.180829203,0.442077003,1680.28
471,0.170532282,0.321928293,1642.59
472,0.127983506,0.193878312,1664.53
473,0.077799076,0.034997464,1685.12
474,0.071809216,0,1888.87
475,0.06806175,0,1998.03
476,0.058957621,0,1969.84
477,0.03212093,0,1957.18
478,0.013883151,0,1824.65
479,0.006234016,0,1630.51
480,0.005238072,0,1457.48
481,0.016962981,0,1240.98
482,0.053846462,0,1165.18
483,0.100529837,0,1186.06
484,0.050562291,0,1164.85
485,0.05099818,0,1162.83
486,0.085537234,0,1255.03
487,0.078939387,0,1274.14
488,0.111882135,0.056635583,1356.91
489,0.154399512,0.456991518,1460.51
490,0.335636301,0.714847434,1545
491,0.632245964,0.68209342,1514.08
492,0.734470391,0.538362874,1514.15
493,0.792587599,0.408144579,1523.25
494,0.805430491,0.350018313,1546.46
495,0.805360039,0.353203373,1484.25
496,0.804912849,0.384226281,1508.63
497,0.802534153,0.121993349,1541.51
498,0.804841745,0,1734.26
499,0.805415447,0,1843.38
500,0.805847143,0,1847.27
501,0.805696897,0,1797.25
502,0.805614947,0,1666.83
503,0.805321084,0,1491.56
504,0.800631275,0,1317.98
505,0.799324127,0,1352.13
506,0.792881039,0,1324.58
507,0.757266679,0,1287.36
508,0.739048404,0,1301.66
509,0.700585211,0,1350.11
510,0.647720276,0,1460.58
511,0.55733994,0,1736.39
512,0.471886539,0.082277488,2021.52
513,0.3682421,0.480991877,2172.47
514,0.245769475,0.620456459,2292.09
515,0.195965208,0.571534074,2328.06
516,0.171603263,0.524018526,2356.16
517,0.143273694,0.510530244,2317.33
518,0.128790744,0.547686164,2258.96
519,0.099099439,0.51504848,2141.43
520,0.081613789,0.39804431,2042.79
521,0.11906004,0.092287786,2025.47
522,0.173272908,0,2188.06
523,0.15438794,0,2228.97
524,0.113312181,0,2197.07
525,0.245087684,0,2066.95
526,0.19475686,0,1875.37
527,0.167958839,0,1696.31
528,0.199588103,0,1512.76
529,0.249290364,0,1389.18
530,0.247059522,0,1319.54
531,0.25082773,0,1302.46
532,0.257526529,0,1300.7
533,0.331955405,0,1354.49
534,0.429571105,0,1479.05
535,0.492002055,0,1733.89
536,0.607555392,0.077716528,2019.5
537,0.588146016,0.521202547,2195.99
538,0.573871151,0.759313274,2325.53
539,0.569803521,0.708633122,2375.49
540,0.64734947,0.642575602,2381.78
541,0.724083326,0.633871301,2383.03
542,0.743842906,0.697221025,2292.08
543,0.767018434,0.775939981,2187.67
544,0.766608441,0.678521647,2101.76
545,0.773251944,0.182958626,2056.38
546,0.802739178,0,2203.53
547,0.803940004,0,2257.44
548,0.802309628,0,2206.43
549,0.778457898,0,2067.56
550,0.776342608,0,1886.31
551,0.779080225,0,1687.99
552,0.77906113,0,1517.5
553,0.760139895,0,1396.06
554,0.749742707,0,1312.71
555,0.724678494,0,1290.41
556,0.69316983,0,1299.97
557,0.64847343,0,1349.62
558,0.608208516,0,1476.02
559,0.560545518,0,1727.96
560,0.557499272,0.051228974,2010.95
561,0.464471572,0.465356754,2173.37
562,0.297498412,0.772997455,2282.68
563,0.238518454,0.725419474,2320.4
564,0.223106424,0.648452797,2345.96
565,0.195436008,0.634158299,2342.41
566,0.133235929,0.686305577,2247.7
567,0.106846288,0.744691979,2112.91
568,0.086085365,0.636695927,2031.59
569,0.07322728,0.169722431,2007.34
570,0.06133159,0,2157.17
571,0.040156076,0,2211.91
572,0.016297623,0,2213.18
573,0.006346781,0,2074.02
574,0.006560788,0,1873.42
575,0.002319541,0,1708.51
576,0.000622562,0,1536.36
577,0.000323912,0,1414.92
578,0.002467853,0,1326.02
579,0.003606418,0,1303.41
580,0.006028895,0,1302.34
581,0.007923142,0,1361.09
582,0.011420624,0,1477.45
583,0.011655061,0,1749.79
584,0.012022665,0.003252184,2029.96
585,0.017731617,0.02762258,2172.44
586,0.036934159,0.069373513,2290.72
587,0.054406776,0.11717072,2317.41
588,0.038712787,0.169790396,2354.36
589,0.031571501,0.355235111,2335.2
590,0.032014311,0.443527355,2248.6
591,0.0273272,0.482120252,2131.62
592,0.023163259,0.11690868,2060.29
593,0.04542261,0.01217364,2016.73
594,0.0411388,0,2153.39
595,0.03884662,0,2247.59
596,0.023677288,0,2189.33
597,0.015232604,0,2034.94
598,0.017461988,0,1889.4
599,0.028304148,0,1711.58
600,0.034140255,0,1519.18
601,0.080148299,0,1391.9
602,0.093998889,0,1311.19
603,0.175307775,0,1297.5
604,0.247466935,0,1297.61
605,0.372519491,0,1356.55
606,0.455085403,0,1478.89
607,0.531986577,0,1742.44
608,0.557723504,0.001684992,2042.7
609,0.566915758,0.013341741,2152.41
610,0.589535215,0.057996079,2296.31
611,0.555823328,0.12659835,2344.58
612,0.547899792,0.226456577,2365.66
613,0.649628754,0.153715901,2349.64
614,0.744351232,0.214639646,2253.73
615,0.789885411,0.166728976,2151.35
616,0.794888631,0.085676702,2075.34
617,0.798926211,0.062830114,2056.7
618,0.805549164,0,2176.34
619,0.803697218,0,2221.54
620,0.805886262,0,2171.12
621,0.805881152,0,2022.34
622,0.805886671,0,1864.57
623,0.805886671,0,1712.88
624,0.805886671,0,1497.12
625,0.805886671,0,1330.43
626,0.805712613,0,1259.11
627,0.805849641,0,1235.14
628,0.805826453,0,1238.1
629,0.805493352,0,1247.77
630,0.804738282,0,1285.43
631,0.803999444,0,1409.08
632,0.804043274,0.005333044,1482.23
633,0.788818911,0.044268882,1582.51
634,0.760721852,0.342054243,1628.74
635,0.735551237,0.313634128,1631.96
636,0.72063507,0.254221219,1650.67
637,0.691405172,0.349519946,1683.53
638,0.697656768,0.346434509,1699.01
639,0.677342008,0.337017949,1663.29
640,0.655518529,0.26362025,1681.12
641,0.670661737,0.124308068,1722.62
642,0.674407996,0,1894.5
643,0.63438743,0,2072.83
644,0.516742371,0,2057.9
645,0.423034397,0,2015.67
646,0.384022261,0,1897.38
647,0.321260648,0,1673.23
648,0.254573982,0,1455.09
649,0.176178698,0,1244.11
650,0.0978828,0,1166.48
651,0.050826909,0,1173.6
652,0.017425229,0,1153.21
653,0.007162433,0,1152.19
654,0.006457525,0,1245.35
655,0.003425155,0,1282.93
656,0.001974833,0.03018907,1336.27
657,0.000470303,0.247817718,1481.72
658,0,0.346920563,1556.18
659,4.13E-05,0.405373153,1538.23
660,3.52E-05,0.415800353,1499.27
661,0.001254518,0.306192989,1481.06
662,0.00244891,0.260256252,1450.07
663,0.006911805,0.297479777,1448.82
664,0.010780275,0.188999233,1488.39
665,0.012433017,0.04339436,1539.08
666,0.007977318,0,1724.24
667,0.003316148,0,1828.88
668,0.00629812,0,1836.42
669,0.015670632,0,1787.72
670,0.025168787,0,1695.1
671,0.040292613,0,1524.93
672,0.055319148,0,1322.32
673,0.064853951,0,1346.84
674,0.066200523,0,1326.81
675,0.071341863,0,1294.51
676,0.064326728,0,1297.84
677,0.069015568,0,1355.44
678,0.129874755,0,1473.7
679,0.244837963,0,1739.51
680,0.365271577,0.071906627,2009.81
681,0.429161265,0.387816127,2180.2
682,0.326326307,0.536622751,2270.57
683,0.188438915,0.480083791,2289.41
684,0.146935196,0.454702251,2308.21
685,0.140846946,0.446133689,2314.48
686,0.141364973,0.394728303,2232.47
687,0.179183185,0.263031107,2121.77
688,0.208405474,0.193768028,2034.36
689,0.312907037,0.049125039,2054.14
690,0.425968719,0,2171.86
691,0.445497202,0,2237.71
692,0.458468113,0,2191.38
693,0.488571843,0,2046.62
694,0.465879069,0,1885.6
695,0.438123097,0,1688.55
696,0.396889834,0,1515.62
697,0.319335958,0,1397.19
698,0.243584452,0,1321.16
699,0.197556136,0,1298.7
700,0.164970399,0,1300
701,0.141936933,0,1352.83
702,0.102324461,0,1474.51
703,0.059674333,0,1744.98
704,0.037778049,0.084909526,2014.78
705,0.058245778,0.488324545,2163.85
706,0.079283595,0.490547554,2278.52
707,0.05003776,0.645056346,2318.8
708,0.046629046,0.497430484,2321.66
709,0.065267047,0.578488242,2311.92
710,0.109218357,0.498592404,2244.32
711,0.187036144,0.627147238,2109
712,0.359295323,0.35813256,2022.54
713,0.540266001,0.145107376,2014.74
714,0.710279276,0.000868177,2157.79
715,0.757746356,0,2214.76
716,0.727155657,0,2167.79
717,0.745972876,0,2037.71
718,0.657105572,0,1865.53
719,0.627973571,0,1706.41
720,0.610277946,0,1527.87
721,0.624451839,0,1408.81
722,0.616900909,0,1340.54
723,0.570987594,0,1310.67
724,0.589096376,0,1306.1
725,0.563846946,0,1362.11
726,0.576109501,0,1479.65
727,0.597251883,0,1736.75
728,0.521230192,0.122648104,2001.26
729,0.400991959,0.380537222,2161.07
730,0.285477802,0.728182454,2274.46
731,0.251160231,0.74437032,2329.59
732,0.182224597,0.675527413,2331.88
733,0.119723196,0.662304897,2325.31
734,0.07106449,0.706825804,2253.99
735,0.06419523,0.731754176,2117.61
736,0.043167392,0.693028339,2022.79
737,0.012491868,0.229778402,1996.69
738,0.002641879,0.002718253,2158.38
739,0.005734216,0,2246.93
740,0.014029078,0,2196.53
741,0.046293874,0,2058.65
742,0.088960027,0,1901.76
743,0.151606304,0,1709.98
744,0.187244814,0,1540.44
745,0.229402136,0,1414.41
746,0.258227481,0,1324.46
747,0.311832199,0,1299.04
748,0.371634704,0,1303.74
749,0.384412512,0,1360.17
750,0.431762266,0,1482.52
751,0.517187057,0,1738.81
752,0.600141618,0.012503533,2008.6
753,0.649300304,0.029586593,2195.67
754,0.633262131,0.059827836,2310.66
755,0.562958432,0.085194897,2339.99
756,0.583133976,0.091199187,2344.39
757,0.599665105,0.119837294,2310.57
758,0.661992149,0.179623526,2229.45
759,0.650010321,0.116282154,2111.91
760,0.664864856,0.380531844,2026.89
761,0.667804053,0.152524197,2001.68
762,0.693862142,0.001569224,2101.08
763,0.668907726,0,2165.85
764,0.65576625,0,2155.37
765,0.61143431,0,2063.86
766,0.606573828,0,1916.47
767,0.59816715,0,1707.32
768,0.589301896,0,1533.38
769,0.622107663,0,1415.7
770,0.588586299,0,1318.22
771,0.614131918,0,1301.24
772,0.548613424,0,1301.69
773,0.567535671,0,1356.27
774,0.669390435,0,1463.91
775,0.697548134,0,1722.16
776,0.764104772,0.037098891,2000.26
777,0.786584946,0.382512269,2190.17
778,0.763406331,0.484308275,2282.38
779,0.627350423,0.329818124,2323.67
780,0.562745777,0.261224141,2351.26
781,0.447037274,0.236856312,2317.73
782,0.377844866,0.473130592,2227.17
783,0.41971482,0.664631077,2093.74
784,0.314465224,0.583597081,2007.53
785,0.297419497,0.201006991,1988.74
786,0.253344499,0.0033475,2111.14
787,0.152195649,0,2184.29
788,0.14961858,0,2173.18
789,0.332878142,0,2104.61
790,0.535264203,0,1987.52
791,0.593129671,0,1741.87
792,0.764202875,0,1553.75
793,0.722809797,0,1399.94
794,0.78653571,0,1310.27
795,0.79996407,0,1263.92
796,0.795252653,0,1256.44
797,0.796546191,0,1259.07
798,0.790102384,0,1274.96
799,0.795723914,0,1391.34
800,0.79077807,0.118050935,1474.89
801,0.775504588,0.5798353,1594.57
802,0.752660664,0.775242484,1619.24
803,0.710649331,0.741287312,1628.13
804,0.693183078,0.67720693,1641.07
805,0.666438256,0.668252454,1656.48
806,0.645993782,0.722480065,1630.6
807,0.619881523,0.788374589,1610.06
808,0.61939789,0.744379377,1626.5
809,0.588608198,0.289317751,1670.52
810,0.600365709,0.008759513,1825.55
811,0.586175457,0,1948.85
812,0.537140697,0,1995.78
813,0.462422521,0,1991.03
814,0.341998058,0,1879.41
815,0.273609163,0,1666.36
816,0.271470634,0,1483.42
817,0.281295267,0,1259.02
818,0.274038988,0,1174.27
819,0.275080369,0,1178.52
820,0.349404219,0,1171.73
821,0.453144007,0,1165.93
822,0.568444154,0,1246.03
823,0.64662115,0,1260.69
824,0.667830626,0.133089748,1288.78
825,0.586979615,0.538570277,1452.5
826,0.43195376,0.688057686,1553.92
827,0.366105251,0.660469323,1525.01
828,0.380670566,0.605361889,1513.55
829,0.394032838,0.608219634,1533.91
830,0.417351801,0.652281939,1514.9
831,0.49352316,0.667690699,1506.56
832,0.574640519,0.481300873,1489.93
833,0.577215436,0.192711771,1495.2
834,0.752296001,0.003902154,1675.85
835,0.781242048,0,1788.23
836,0.770848473,0,1841.95
837,0.771824642,0,1849.47
838,0.734625678,0,1721.93
839,0.716649305,0,1517.92
840,0.710748436,0,1321.31
841,0.665478525,0,1355.51
842,0.589019151,0,1315.93
843,0.492605817,0,1305.24
844,0.420571077,0,1307.49
845,0.336558294,0,1346.75
846,0.214075302,0,1462.22
847,0.171383274,0,1725.22
848,0.123831044,0.078081686,2015.81
849,0.061069995,0.074043305,2172.04
850,0.004123452,0.153392221,2284.92
851,0.002395308,0.206540105,2320.91
852,0.015126107,0.161574905,2340.48
853,0.064927107,0.090354181,2324.52
854,0.270937419,0.134165881,2265.66
855,0.554850479,0.072529098,2110.9
856,0.645117536,0.041813644,2031.22
857,0.742186312,0.028445636,2013.98
858,0.75661676,0.000726768,2138.84
859,0.78767102,0,2245.46
860,0.790336086,0,2218.17
861,0.803031165,0,2089.65
862,0.805874796,0,1910.21
863,0.805886671,0,1702.58
864,0.805886671,0,1507.43
865,0.805886671,0,1409
866,0.805886671,0,1341.38
867,0.805886671,0,1313.36
868,0.805886671,0,1296.18
869,0.805886671,0,1353.8
870,0.805886671,0,1466.3
871,0.805886671,0,1714.77
872,0.805423594,0.152307271,1973.04
873,0.799566637,0.636829054,2175.43
874,0.752876534,0.790825524,2280.68
875,0.678751465,0.741232213,2319.81
876,0.596138965,0.681382334,2338.63
877,0.481111459,0.668733395,2322.44
878,0.375850313,0.710309545,2240.89
879,0.298178797,0.759507037,2095.26
880,0.221064068,0.70934279,2038.07
881,0.194071897,0.288199678,2011.45
882,0.282568312,0.010558689,2127.16
883,0.38754893,0,2172.09
884,0.380494245,0,2223.47
885,0.307963369,0,2095.78
886,0.270422041,0,1912.49
887,0.200287765,0,1721.17
888,0.129131337,0,1542.46
889,0.090828403,0,1423.75
890,0.078388421,0,1337.84
891,0.069213225,0,1304.84
892,0.053293659,0,1300.41
893,0.040554917,0,1350.59
894,0.018181803,0,1464.99
895,0.00884379,0,1730.4
896,0.007794432,0.062866971,2012.79
897,0.007653406,0.514919708,2166.53
898,0.004495668,0.720139527,2270.5
899,0.005879911,0.62503709,2302.96
900,0.026314016,0.551670381,2313.64
901,0.065135127,0.515260242,2318.51
902,0.099866717,0.569211112,2245.06
903,0.10076177,0.529684711,2121.33
904,0.166172347,0.309030448,2024.59
905,0.189031238,0.0819078,1999.33
906,0.200379433,0.00295682,2125.08
907,0.258814533,0,2185.12
908,0.238103222,0,2200.96
909,0.251228956,0,2108.7
910,0.170070626,0,1919.23
911,0.292197765,0,1712.96
912,0.160636529,0,1558.7
913,0.171285051,0,1413.52
914,0.223812811,0,1328.36
915,0.19424473,0,1305.09
916,0.073417842,0,1300.44
917,0.040733354,0,1356.93
918,0.009514245,0,1470.66
919,0.002702981,0,1720.12
920,0.030745577,0.025210638,1982.29
921,0.139829902,0.118658233,2182.41
922,0.39279147,0.3783259,2284.72
923,0.670219853,0.699043567,2327.21
924,0.799764743,0.69318973,2341.61
925,0.80462524,0.501753238,2309.25
926,0.805853513,0.674584131,2231.98
927,0.805886671,0.810299334,2114.11
928,0.805886671,0.768250713,2028.7
929,0.805886671,0.318381085,1986.33
930,0.752107258,0.010627227,2074.06
931,0.70653053,0,2188.56
932,0.678551991,0,2188.57
933,0.683113611,0,2097.13
934,0.741253359,0,1934.45
935,0.759500787,0,1748.92
936,0.77329169,0,1534.22
937,0.77108333,0,1418.86
938,0.771568748,0,1343.82
939,0.792150847,0,1308.68
940,0.748834632,0,1298.08
941,0.705895236,0,1350.1
942,0.663117758,0,1467.19
943,0.643076608,0,1719.13
944,0.699945707,0.160265458,1991.6
945,0.572435997,0.590583233,2196.38
946,0.548551107,0.730100406,2276.71
947,0.478276364,0.64265128,2308.09
948,0.466384949,0.660422768,2337.42
949,0.413150272,0.707373746,2331.09
950,0.375658197,0.702862188,2243.04
951,0.419534331,0.68898406,2114.82
952,0.50467192,0.439939548,2008.51
953,0.53594846,0.095938611,1982.13
954,0.586332822,0.00401792,2079.23
955,0.659679779,0,2192.2
956,0.685629735,0,2167.63
957,0.699849318,0,2092.71
958,0.645703058,0,1938.87
959,0.640548893,0,1745.09
960,0.662840746,0,1551.21
961,0.661678268,0,1367.62
962,0.646192393,0,1275.24
963,0.627737533,0,1243.13
964,0.60508356,0,1236.84
965,0.601488768,0,1245.11
966,0.557253548,0,1277.12
967,0.637463281,0,1377.51
968,0.645555616,0.194936611,1447.4
969,0.630819441,0.729336145,1551.18
970,0.564137619,0.875492464,1605.99
971,0.483726542,0.823765695,1615.92
972,0.579725044,0.759071982,1647.84
973,0.583563192,0.746429617,1657.1
974,0.55605001,0.795551965,1670.49
975,0.569601353,0.862824898,1640.2
976,0.572502887,0.839932666,1634.15
977,0.555387103,0.394875271,1655.41
978,0.486731813,0.023257508,1800.33
979,0.458137902,0,1938.34
980,0.419947498,0,1977.47
981,0.442126059,0,2021.11
982,0.445320261,0,1916.76
983,0.364358702,0,1663.8
984,0.341833024,0,1459.69
985,0.319027773,0,1233.75
986,0.435683126,0,1161.06
987,0.55871647,0,1180.42
988,0.65632121,0,1164.02
989,0.667198254,0,1163.82
990,0.637001918,0,1252.07
991,0.606461873,0,1259.6
992,0.513848105,0.136926429,1301.55
993,0.312671573,0.553706472,1445.52
994,0.147396586,0.78957317,1538.63
995,0.159780362,0.804087715,1525
996,0.214797822,0.73889852,1534.8
997,0.24416141,0.726365765,1530.68
998,0.28644811,0.769712823,1506.74
999,0.351001065,0.826372071,1514.93
1000,0.392352422,0.795280352,1532.66
1001,0.356568635,0.372193199,1550.56
1002,0.311825291,0.021600717,1698.85
1003,0.258404306,0,1841.85
1004,0.240850626,0,1888.71
1005,0.265851728,0,1881.25
1006,0.268598699,0,1762.16
1007,0.299563492,0,1592.95
1008,0.335617504,0,1354.21
1009,0.315716756,0,1388.39
1010,0.319007291,0,1336.87
1011,0.354578359,0,1315.19
1012,0.456123989,0,1325.93
1013,0.574010442,0,1367.83
1014,0.649303387,0,1475.57
1015,0.67887786,0,1717.95
1016,0.692312521,0.070364791,1978.08
1017,0.619671254,0.24919882,2176.17
1018,0.459802506,0.31931946,2282.76
1019,0.479150685,0.562592798,2340.85
1020,0.507013256,0.55136106,2353.04
1021,0.647898292,0.431893635,2323.8
1022,0.721576619,0.5778053,2237.41
1023,0.794647623,0.58185771,2118.07
1024,0.805679513,0.395965999,2023.49
1025,0.800623764,0.110473973,2003.87
1026,0.800043412,0.006284645,2121.02
1027,0.800270823,0,2217.58
1028,0.798506309,0,2198.1
1029,0.801927357,0,2076.89
1030,0.804393331,0,1889.46
1031,0.799027321,0,1690.16
1032,0.803446583,0,1505.13
1033,0.789237802,0,1402.2
1034,0.747728718,0,1315.13
1035,0.711275403,0,1296.37
1036,0.63508572,0,1296.01
1037,0.543772933,0,1353.83
1038,0.420970033,0,1475.47
1039,0.339167858,0,1723.83
1040,0.341540492,0.0886689,1967.11
1041,0.296938767,0.215844079,2169.6
1042,0.413570946,0.519375395,2275.12
1043,0.647224297,0.483253988,2333.03
1044,0.767267158,0.582985252,2343.29
1045,0.793651485,0.653750058,2324.13
1046,0.800565472,0.645353744,2247.28
1047,0.80328747,0.651800542,2120.45
1048,0.803334622,0.539504695,2034.86
1049,0.804970528,0.120513886,2008.18
1050,0.805505674,0.006797761,2141.29
1051,0.805886671,0,2183.54
1052,0.805886671,0,2172.77
1053,0.805886671,0,2082.14
1054,0.805886671,0,1928.13
1055,0.805885144,0,1724.58
1056,0.805885144,0,1531.27
1057,0.805821581,0,1408.07
1058,0.79729654,0,1309.11
1059,0.788678139,0,1301.57
1060,0.797769828,0,1299.21
1061,0.805567784,0,1344.56
1062,0.805768358,0,1463.47
1063,0.805496273,0,1723.6
1064,0.805839939,0.062154059,1995.11
1065,0.805883767,0.291239635,2180.68
1066,0.805439617,0.42948323,2297.46
1067,0.804245145,0.672281659,2357.44
1068,0.801541224,0.704755533,2342.7
1069,0.802853608,0.696545284,2318.52
1070,0.794060558,0.738558954,2246.16
1071,0.788633081,0.754846555,2132.71
1072,0.756795073,0.745218466,2056.8
1073,0.733402164,0.37568008,2031.4
1074,0.797126871,0.025883174,2135.83
1075,0.794360493,0,2213.34
1076,0.794659322,0,2199.72
1077,0.794872085,0,2094.86
1078,0.798385805,0,1939.97
1079,0.79839824,0,1743.71
1080,0.765409871,0,1553.91
1081,0.765397756,0,1398.57
1082,0.76506064,0,1304.18
1083,0.765400446,0,1278.22
1084,0.765416026,0,1281.01
1085,0.772063236,0,1339.01
1086,0.772235431,0,1453.37
1087,0.782379653,0.001851601,1714.44
1088,0.804754115,0.279130062,1985.68
1089,0.799759105,0.840618594,2194.57
1090,0.794318288,0.922896018,2296.64
1091,0.782050157,0.854827303,2359.11
1092,0.77951043,0.789190572,2350.56
1093,0.778095915,0.775557114,2342.21
1094,0.770595251,0.82364211,2273.89
1095,0.769123397,0.890875254,2153.89
1096,0.763625511,0.886879335,2063.21
1097,0.753205623,0.477136505,2052.99
1098,0.757046,0.038604631,2158.62
1099,0.754041803,0,2274.08
1100,0.752475834,0,2262.99
1101,0.687584592,0,2166.78
1102,0.583601694,0,2020.55
1103,0.480039813,0,1772.37
1104,0.419300013,0,1530.74
1105,0.358744555,0,1395.68
1106,0.255754317,0,1310.94
1107,0.090052822,0,1289.68
1108,0.065144172,0,1293.24
1109,0.056276697,0,1367.41
1110,0.075985467,0,1486.23
1111,0.091059747,0.00024176,1764.57
1112,0.093862162,0.14435814,2034.35
1113,0.088417062,0.730290227,2256.57
1114,0.052217527,0.839202106,2358.08
1115,0.160206902,0.806284461,2370.15
1116,0.395388666,0.747346395,2385.58
1117,0.566026911,0.732846637,2370.31
1118,0.612332973,0.767851376,2296.8
1119,0.649632775,0.810287125,2177.49
1120,0.696118526,0.777894395,2054.4
1121,0.680277716,0.396566104,2009.73
1122,0.730010909,0.027689974,2094.41
1123,0.746990041,0,2184.13
1124,0.784008679,0,2184.74
1125,0.79426675,0,2094.91
1126,0.785623072,0,1914.62
1127,0.790342606,0,1734.96
1128,0.799575005,0,1535.44
1129,0.781436472,0,1365.13
1130,0.771706987,0,1280.03
1131,0.775635943,0,1238.42
1132,0.758534007,0,1232.55
1133,0.73181253,0,1239.91
1134,0.702715905,0,1265.24
1135,0.679117081,0,1370.17
1136,0.640074806,0.015302688,1422.62
1137,0.459375781,0.121122056,1554.64
1138,0.235488687,0.392279868,1602.56
1139,0.161917432,0.456429203,1609.37
1140,0.123288147,0.472682252,1603.75
1141,0.115386444,0.586931339,1597.84
1142,0.119577428,0.664523105,1598.55
1143,0.146819931,0.678287954,1585.16
1144,0.218147512,0.503683553,1626.89
1145,0.379623501,0.180204451,1666.01
1146,0.557014025,0.011416974,1836.01
1147,0.65326937,0,2009.76
1148,0.633484019,0,2018.68
1149,0.597083864,0,2016.12
1150,0.583429507,0,1890.44
1151,0.600271694,0,1675.2
1152,0.637000076,0,1488.38
1153,0.659587946,0,1255.69
1154,0.689936521,0,1175.45
1155,0.717714279,0,1187.11
1156,0.681178508,0,1168.05
1157,0.730085856,0,1158.48
1158,0.779215849,0,1253.62
1159,0.767123292,0.00213941,1266.94
1160,0.750229978,0.133170278,1267.15
1161,0.749983051,0.118674646,1439
1162,0.74310398,0.133874706,1527.25
1163,0.749458386,0.136773037,1524.76
1164,0.691016763,0.236095744,1531.27
1165,0.679383938,0.462978599,1523.68
1166,0.664861374,0.611802184,1527.7
1167,0.692652761,0.686891709,1542.36
1168,0.670972126,0.375422819,1552.97
1169,0.642421212,0.068710428,1533.13
1170,0.740620518,0.005816093,1659.75
1171,0.804789016,0,1804.56
1172,0.805860869,0,1819.96
1173,0.775395654,0,1827.02
1174,0.62966233,0,1734.76
1175,0.541684929,0,1492.99
1176,0.528285126,0,1313.95
1177,0.718304838,0,1344.84
1178,0.794285291,0,1317.51
1179,0.777553679,0,1292.19
1180,0.783266003,0,1295.51
1181,0.724572051,0,1332.88
1182,0.715336511,0,1451.22
1183,0.689174575,0.007030237,1731.95
1184,0.689540486,0.26531834,1967.62
1185,0.591748195,0.669934672,2173.51
1186,0.652848541,0.483775931,2320.19
1187,0.714961063,0.250989761,2342.04
1188,0.714961063,0.334619064,2349.21
1189,0.720614409,0.50305339,2337.75
1190,0.71989044,0.531848838,2258.31
1191,0.723155919,0.475417301,2105.38
1192,0.723689278,0.255443651,2043.42
1193,0.723689278,0.140569754,2000.21
1194,0.734714667,0.011315224,2096.09
1195,0.734714667,0,2157.22
1196,0.695798851,0,2161.85
1197,0.715308887,0,2057.64
1198,0.741625304,0,1909.15
1199,0.756165491,0,1732.09
1200,0.759584113,0,1523.66
1201,0.759518018,0,1401.95
1202,0.784757498,0,1309.84
1203,0.788734866,0,1285.88
1204,0.787474993,0,1295.11
1205,0.782937658,0,1342.28
1206,0.779803123,0,1461.63
1207,0.775472109,0.01149192,1736.84
1208,0.788332064,0.32900035,1995.58
1209,0.775735752,0.833912793,2186.72
1210,0.778000284,0.892509307,2304.38
1211,0.759805783,0.82686428,2363.89
1212,0.729910764,0.768142411,2362.12
1213,0.728982575,0.755144626,2349.2
1214,0.733947687,0.793785075,2316.33
1215,0.754266939,0.841630977,2270.99
1216,0.728465127,0.72709447,2229.42
1217,0.664056783,0.246076265,2221.84
1218,0.665905431,0.022876923,2281.89
1219,0.680165714,0,2390.25
1220,0.648776477,0,2348.99
1221,0.516446894,0,2193.97
1222,0.376194635,0,2058.09
1223,0.245446258,0,1841.44
1224,0.130290705,0,1579.3
1225,0.049972607,0,1440.67
1226,0.027213242,0,1342.35
1227,0.023655782,0,1280.97
1228,0.009232998,0,1279.57
1229,0.004179408,0,1342.13
1230,0.011618317,0,1478.02
1231,0.01428941,0,1793.66
1232,0.038533716,0.01433978,2080.88
1233,0.056313116,0.067017754,2335.33
1234,0.115650884,0.119989876,2454.56
1235,0.237945112,0.127287313,2539.08
1236,0.371944149,0.163538467,2680.8
1237,0.390226778,0.26506429,2820.51
1238,0.421207835,0.250759718,2853.54
1239,0.576285772,0.251970114,2832.34
1240,0.701315619,0.308919215,2829.4
1241,0.766902416,0.092482634,2812.44
1242,0.79606846,0.007183364,2766.17
1243,0.80446919,0,2709.84
1244,0.80319387,0,2645.6
1245,0.787504135,0,2386.14
1246,0.789474818,0,2115.97
1247,0.784547101,0,1848.72
1248,0.787090976,0,1601.94
1249,0.77099651,0,1458
1250,0.750801898,0,1343.08
1251,0.705123543,0,1283.91
1252,0.699702221,0,1284.84
1253,0.663356962,0,1353.02
1254,0.670137778,0,1471.71
1255,0.672476889,0.012709623,1754.63
1256,0.690461583,0.296373922,2007.72
1257,0.648468241,0.691274346,2206.57
1258,0.543895411,0.931713776,2307.17
1259,0.49447943,0.874614942,2402.58
1260,0.512705312,0.814818511,2398.31
1261,0.475673575,0.802892958,2369.48
1262,0.424906254,0.846401678,2255.89
1263,0.413899168,0.906703518,2113.11
1264,0.431960419,0.919940077,2023.65
1265,0.443696025,0.562493534,2007.24
1266,0.540194937,0.058756955,2051.33
1267,0.6831434,0,2182.25
1268,0.737472181,0,2193.65
1269,0.762437867,0,2090.66
1270,0.738748069,0,1944.57
1271,0.684984667,0,1759.17
1272,0.668607661,0,1531.52
1273,0.65018902,0,1413.75
1274,0.657710915,0,1328.64
1275,0.631511236,0,1302.74
1276,0.6288881,0,1300.74
1277,0.626890501,0,1354.21
1278,0.632674513,0,1463.03
1279,0.626297823,0.019881422,1699.58
1280,0.586405326,0.389292478,1962.54
1281,0.418038991,0.885960089,2160.47
1282,0.265071622,0.931743741,2263.96
1283,0.216254764,0.869081196,2330.93
1284,0.210663472,0.809955307,2348.08
1285,0.207992982,0.79627417,2307.59
1286,0.197995855,0.834722468,2227.13
1287,0.201606356,0.889805505,2105.73
1288,0.218658914,0.898654266,2029.39
1289,0.21644046,0.55146525,1995.9
1290,0.307793016,0.059257561,2095.68
1291,0.34599053,0,2180.95
1292,0.38236826,0,2165.31
1293,0.369635032,0,2072.74
1294,0.273518438,0,1924.57
1295,0.169708032,0,1736.3
1296,0.128467715,0,1540.92
1297,0.112188362,0,1373.97
1298,0.090051884,0,1283.13
1299,0.062220843,0,1245
1300,0.03864804,0,1235.87
1301,0.020220449,0,1247.73
1302,0.01801896,0,1261.45
1303,0.012586693,0.015672803,1355.98
1304,0.015308394,0.329226791,1410.71
1305,0.026030008,0.773543481,1551.48
1306,0.015972096,0.799710816,1617.82
1307,0.043209632,0.629064119,1642.88
1308,0.115869177,0.473366601,1660.05
1309,0.227014254,0.3355645,1663.58
1310,0.340204138,0.36042871,1641.67
1311,0.476377709,0.46211251,1669.82
1312,0.536597964,0.660456672,1663.6
1313,0.526493136,0.235000089,1695.85
1314,0.673467605,0.014331292,1791.85
1315,0.745638946,0,1954.37
1316,0.733037069,0,1996.3
1317,0.721820024,0,1967.62
1318,0.694642031,0,1872.27
1319,0.726307268,0,1694.54
1320,0.710520681,0,1456.47
1321,0.712980201,0,1261.22
1322,0.703055039,0,1191.98
1323,0.683853075,0,1193.34
1324,0.683848006,0,1171.39
1325,0.707379145,0,1167.04
1326,0.676500081,0,1242.16
1327,0.660849272,3.01E-05,1235.51
1328,0.744491517,0.004342051,1285.12
1329,0.805366794,0.028327144,1437.74
1330,0.760460318,0.059483656,1522.7
1331,0.255849706,0.117460423,1542.7
1332,0.131742116,0.102283722,1518.68
1333,0.121674542,0.091546607,1511.38
1334,0.100773582,0.092396474,1507.29
1335,0.122702949,0.094357337,1510.17
1336,0.280797579,0.019709876,1499.05
1337,0.569632402,0.046629165,1509.99
1338,0.712309921,0.014527562,1620.32
1339,0.800600812,0,1774.46
1340,0.805163235,0,1823.53
1341,0.805886505,0,1810.15
1342,0.804311973,0,1682.29
1343,0.805720143,0,1511.35
1344,0.803819501,0,1320.37
1345,0.798950858,0,1367.7
1346,0.788105563,0,1340.21
1347,0.745649375,0,1295.05
1348,0.661638657,0,1300.57
1349,0.610246076,0,1347.21
1350,0.557086742,0,1455.6
1351,0.397953891,0.005433074,1712.99
1352,0.256401371,0.11745959,1979.65
1353,0.233698878,0.380965308,2177.71
1354,0.203332501,0.649677644,2278.17
1355,0.212370711,0.634654032,2321.61
1356,0.221122566,0.647867811,2338.33
1357,0.174342527,0.724021361,2330.57
1358,0.1295981,0.7358191,2249.07
1359,0.106238945,0.752530809,2110.84
1360,0.07812744,0.749203565,2021.75
1361,0.03834864,0.224095263,2000.55
1362,0.060837882,0.013906492,2079.45
1363,0.174731827,0,2209.62
1364,0.296665424,0,2202.07
1365,0.331353756,0,2111.81
1366,0.362335101,0,1949.18
1367,0.36386649,0,1740.1
1368,0.297227979,0,1518.81
1369,0.200748619,0,1405.62
1370,0.168503706,0,1316.06
1371,0.102662365,0,1288.08
1372,0.151989127,0,1291.47
1373,0.237844483,0,1340.39
1374,0.214467886,0,1465.51
1375,0.161434082,0.008966928,1701.6
1376,0.092331869,0.220200365,1970.91
1377,0.035742958,0.691305048,2189.84
1378,0.04077647,0.74749394,2323.56
1379,0.046856728,0.749677085,2383.45
1380,0.115160741,0.746051786,2398.12
1381,0.144576354,0.739951914,2404.11
1382,0.207948858,0.771130721,2369.37
1383,0.251500399,0.804496229,2275.49
1384,0.224495056,0.795251541,2189.54
1385,0.148762801,0.503421977,2158.49
1386,0.066339216,0.061156725,2153.46
1387,0.047647517,0,2217.51
1388,0.108433077,0,2218.49
1389,0.130449903,0,2089.97
1390,0.359721516,0,1915.49
1391,0.622402518,0,1708.14
1392,0.636101133,0,1508.7
1393,0.598090898,0,1403.08
1394,0.638635757,0,1307.26
1395,0.674655093,0,1280.57
1396,0.740567568,0,1291.66
1397,0.736685001,0,1340.11
1398,0.773283034,0,1459.82
1399,0.798458236,0,1687.49
1400,0.805413161,0.00954454,1959.75
1401,0.801889376,0.017853774,2165.43
1402,0.791217352,0.01912335,2279.28
1403,0.608111056,0.091742934,2327.07
1404,0.579543445,0.275627026,2364.49
1405,0.580516226,0.276437882,2382.29
1406,0.579203157,0.248785226,2384.82
1407,0.592353976,0.137477873,2304.91
1408,0.604489422,0.106927785,2235.14
1409,0.629521396,0.065521321,2209.35
1410,0.720640758,0.007606801,2248.72
1411,0.730413492,0,2296.18
1412,0.767998819,0,2256.9
1413,0.802591669,0,2140.31
1414,0.800049946,0,1968.77
1415,0.786650239,0,1752.65
1416,0.791106582,0,1550.6
1417,0.798793816,0,1418.17
1418,0.795061201,0,1328.53
1419,0.799768862,0,1305.25
1420,0.80399698,0,1301.64
1421,0.802391233,0,1373.93
1422,0.793210718,0,1487.21
1423,0.789966184,0.012184417,1704.76
1424,0.773805169,0.195128211,1976.17
1425,0.761028842,0.726795819,2193.91
1426,0.706469957,0.93071978,2327.94
1427,0.655605375,0.875221602,2406.08
1428,0.582447944,0.82037976,2433.46
1429,0.486695381,0.807221533,2427.02
1430,0.371585242,0.838917675,2324.13
1431,0.270198264,0.759311861,2196.31
1432,0.171408021,0.792529491,2082.84
1433,0.088586636,0.580274683,2031.31
1434,0.035571153,0.08921412,2075.82
1435,0.031599731,0,2133.1
1436,0.02924373,0,2169.34
1437,0.061028401,0,2060.62
1438,0.124208931,0,1917.95
1439,0.29503128,0,1686.74
1440,0.465525326,0,1497.52
1441,0.605320495,0,1396.69
1442,0.717916169,0,1332.15
1443,0.778104406,0,1312.47
1444,0.796074829,0,1319.86
1445,0.803389992,0,1366.01
1446,0.803986878,0,1479.51
1447,0.80428754,0.02715821,1719.52
1448,0.805344654,0.39169719,1962.38
1449,0.80472652,0.806604791,2169.68
1450,0.803587752,0.857700572,2282.73
1451,0.799886141,0.815052631,2316.24
1452,0.793496922,0.772205642,2310.48
1453,0.793875688,0.760884132,2302.38
1454,0.789834833,0.753861824,2211.75
1455,0.778360094,0.463106309,2094.62
1456,0.774483838,0.569486994,2014.84
1457,0.737463094,0.185707001,1976.33
1458,0.746551465,0.048753107,2027.33
1459,0.80514052,0,2119.99
1460,0.804758851,0,2097.97
1461,0.805840596,0,2019.52
1462,0.805632213,0,1922.32
1463,0.805494047,0,1699.11
1464,0.803765021,0,1512.98
1465,0.802643708,0,1358.84
1466,0.798827672,0,1284.1
1467,0.793459812,0,1255.97
1468,0.791802245,0,1244.22
1469,0.775985332,0,1264.33
1470,0.757457377,0,1283.83
1471,0.67050871,0.048354682,1381.74
1472,0.657068809,0.534332169,1433.21
1473,0.546043875,0.958565957,1556.79
1474,0.475168587,0.966983994,1598.68
1475,0.482990731,0.899385171,1622.81
1476,0.387652045,0.841949265,1614.83
1477,0.313050021,0.829873182,1604.65
1478,0.302632413,0.866108213,1588.94
1479,0.193594876,0.915493185,1578.3
1480,0.121096847,0.925180641,1608.34
1481,0.077935524,0.635636868,1622.33
1482,0.067601707,0.107750964,1696.15
1483,0.038503596,0,1863.03
1484,0.03102722,0,1912.41
1485,0.044356951,0,1932.41
1486,0.056410102,0,1843.22
1487,0.065917713,0,1619.96
1488,0.058334454,0,1461.83
1489,0.051554944,0,1253.79
1490,0.047320809,0,1180.89
1491,0.067615213,0,1203.37
1492,0.108818833,0,1181.46
1493,0.165280431,0,1178.59
1494,0.1995012,0,1261.38
1495,0.259644539,0.019514965,1280.52
1496,0.311322771,0.248697029,1289.63
1497,0.245912458,0.631457849,1445.96
1498,0.283419223,0.76849715,1520.14
1499,0.345515313,0.825559976,1488.17
1500,0.372867831,0.78760487,1486.88
1501,0.390499071,0.727470378,1481.38
1502,0.437234869,0.653721535,1481.24
1503,0.447113915,0.766077074,1474.12
1504,0.493325377,0.806696145,1458.02
1505,0.533525905,0.430318374,1475.08
1506,0.580382525,0.055692793,1565.75
1507,0.690613028,0,1709.39
1508,0.725914395,0,1753.37
1509,0.741543605,0,1777.75
1510,0.762760675,0,1694.74
1511,0.772168022,0,1458.43
1512,0.77869945,0,1318.39
1513,0.767554356,0,1369.61
1514,0.77110649,0,1337.68
1515,0.778715918,0,1325.32
1516,0.7858971,0,1323.33
1517,0.790349271,0,1383.84
1518,0.785135772,0,1485.97
1519,0.796683197,9.36E-05,1695.43
1520,0.79496391,0.064368396,1948.9
1521,0.800900344,0.21857446,2156.08
1522,0.798170428,0.451636757,2267.53
1523,0.798237216,0.795474658,2341.81
1524,0.800415076,0.705169163,2317.46
1525,0.804637103,0.69246364,2278.3
1526,0.804748115,0.610653484,2197.87
1527,0.805205555,0.565280607,2072.93
1528,0.805152654,0.275999205,1996.68
1529,0.80357613,0.19478617,1969.63
1530,0.805354148,0.034614659,2004.41
1531,0.80579594,0,2114.84
1532,0.805885597,0,2105.43
1533,0.805886671,0,2041.58
1534,0.805852926,0,1942.33
1535,0.80583492,0,1698.64
1536,0.805877294,0,1503.46
1537,0.805881785,0,1406.39
1538,0.805868942,0,1331.14
1539,0.805845702,0,1309.06
1540,0.805872985,0,1314.97
1541,0.805886671,0,1364.59
1542,0.805886671,0,1479.33
1543,0.805886671,0.004671872,1688.84
1544,0.805886671,0.036787995,1968.93
1545,0.805886671,0.042220072,2154.32
1546,0.805460823,0.095745056,2276.18
1547,0.805540487,0.144268984,2334.6
1548,0.805877003,0.163110016,2344.16
1549,0.805410181,0.216006196,2332.35
1550,0.805865016,0.169690441,2273.24
1551,0.805859016,0.107396889,2147.92
1552,0.805876128,0.049454094,2062.46
1553,0.805886671,0.024906995,1982.29
1554,0.805886671,0.003363731,2008.53
1555,0.805886671,0,2098.34
1556,0.805886647,0,2108.96
1557,0.805886671,0,2038.84
1558,0.758960436,0,1901.87
1559,0.445296774,0,1685.96
1560,0.260312597,0,1532.52
1561,0.079499647,0,1433.32
1562,0.079947424,0,1330.92
1563,0.097493609,0,1312.89
1564,0.222226842,0,1312.91
1565,0.422936897,0,1354.54
1566,0.615903905,0,1480.65
1567,0.693743114,0.025068664,1679.91
1568,0.745025247,0.157722547,1953.4
1569,0.784815735,0.475718205,2177.46
1570,0.795008403,0.909251885,2280.8
1571,0.798466946,0.876039494,2323.76
1572,0.800544542,0.834313707,2339.33
1573,0.804949577,0.828592827,2299.73
1574,0.805839281,0.865380176,2237.68
1575,0.805886623,0.911105483,2110.53
1576,0.805849259,0.921304321,2007.63
1577,0.805487719,0.657818682,1963.82
1578,0.803575157,0.126686234,2001.16
1579,0.799391933,0,2081.77
1580,0.788678892,0,2109.31
1581,0.764949305,0,2034.29
1582,0.732667877,0,1919.05
1583,0.697595033,0,1699.05
1584,0.656815692,0,1527.54
1585,0.590328129,0,1417.16
1586,0.513445618,0,1339.16
1587,0.455278203,0,1317.08
1588,0.460659801,0,1312.6
1589,0.388369051,0,1365.6
1590,0.344548756,0,1483.37
1591,0.34296286,0.062394395,1694.83
1592,0.370129359,0.541990164,1970.2
1593,0.368397087,0.902073855,2162.64
1594,0.318715566,0.905799685,2243.74
1595,0.25529149,0.858530835,2297.89
1596,0.184957539,0.813090956,2313.12
1597,0.125042812,0.800382737,2289
1598,0.063719096,0.809670891,2215.33
1599,0.031954184,0.726816871,2104.25
1600,0.016126907,0.606843151,2010.27
1601,0.01483882,0.345712518,1986.55
1602,0.014379562,0.051606083,2015.77
1603,0.045728907,0,2123.3
1604,0.090438765,0,2099.62
1605,0.150644955,0,2030.38
1606,0.28937537,0,1908.24
1607,0.420487405,0,1677.77
1608,0.503855425,0,1502.2
1609,0.521609022,0,1409.63
1610,0.556251305,0,1331.68
1611,0.602737668,0,1313.13
1612,0.622412243,0,1319.91
1613,0.617659,0,1373.93
1614,0.646655262,0,1495.99
1615,0.692373202,0.025839651,1691
1616,0.679228101,0.110128101,1937.19
1617,0.684261726,0.192202427,2144.95
1618,0.735070993,0.521989501,2265.84
1619,0.750606319,0.441443292,2306.83
1620,0.763193762,0.552778401,2310.26
1621,0.775967852,0.50160308,2293.86
1622,0.781475677,0.519416058,2207.83
1623,0.7790234,0.336934443,2083.79
1624,0.789098057,0.25203813,1999.82
1625,0.794385417,0.133604496,1977.66
1626,0.792508981,0.024210688,2020.31
1627,0.781162992,0,2157.02
1628,0.784119531,0,2098.29
1629,0.798409925,0,2026.38
1630,0.793216867,0,1909.8
1631,0.781354729,0,1679.51
1632,0.776742707,0,1500.86
1633,0.788950751,0,1356.3
1634,0.775117648,0,1285.24
1635,0.795897601,0,1255.29
1636,0.800615832,0,1251.07
1637,0.802534152,0,1261.1
1638,0.803338004,0,1283.7
1639,0.804539527,0.006363756,1357.88
1640,0.805047257,0.019030534,1434.01
1641,0.805148688,0.122227208,1518.03
1642,0.805389013,0.100485703,1565.39
1643,0.805374785,0.133992334,1587.03
1644,0.804781793,0.204383887,1590.66
1645,0.805154577,0.199633519,1574.52
1646,0.805883616,0.196604831,1581.64
1647,0.805886671,0.096629287,1569.05
1648,0.805885036,0.057213237,1601.66
1649,0.805886671,0.038358876,1596.17
1650,0.804158571,0.007177843,1688.15
1651,0.77958176,0,1871.09
1652,0.764037225,0,1913.96
1653,0.739926719,0,1964.57
1654,0.739926719,0,1859.8
1655,0.739746233,0,1606.15
1656,0.735583596,0,1441.89
1657,0.728895322,0,1255.14
1658,0.728895322,0,1188.06
1659,0.728895322,0,1180.43
1660,0.728895322,0,1192.05
1661,0.72899313,0,1247.88
1662,0.779442542,0,1288.91
1663,0.712989347,0.000208484,1334.75
1664,0.458647001,0.02157079,1413.05
1665,0.400762671,0.220312793,1529.74
1666,0.518319244,0.43464743,1515.54
1667,0.580282755,0.438033438,1494.76
1668,0.656452023,0.428839629,1487.95
1669,0.613425953,0.616564367,1489.68
1670,0.587385707,0.660264845,1468.56
1671,0.505670825,0.728900863,1476.18
1672,0.3790593,0.729273832,1514.42
1673,0.377664384,0.212592924,1598.28
1674,0.391148489,0.035093101,1656.76
1675,0.444629535,0,1752.83
1676,0.513290366,0,1765.23
1677,0.580076023,0,1682.17
1678,0.6941371,0,1461.67
1679,0.755301493,0,1271.05
1680,0.785693839,0,1207.48
1681,0.78896117,0,1301.17
1682,0.774057539,0,1289.23
1683,0.783805421,0,1314.05
1684,0.79162093,0,1369.71
1685,0.803371577,0,1478.22
1686,0.805062809,0,1730.5
1687,0.805687574,0.003654196,1999.83
1688,0.804339333,0.119706606,2185.46
1689,0.787168592,0.693522094,2267.63
1690,0.76066697,0.88814416,2307.07
1691,0.716096917,0.847284728,2308.52
1692,0.696277341,0.738273093,2302.85
1693,0.709429739,0.54415388,2205.36
1694,0.726233379,0.506565159,2115.76
1695,0.723434778,0.758008551,2032.78
1696,0.725047023,0.773021281,1976.12
1697,0.743315702,0.541772312,1998.7
1698,0.726711498,0.111831322,2016.61
1699,0.785317506,0,2086.76
1700,0.795519664,0,2035.16
1701,0.802856099,0,1929.97
1702,0.804210152,0,1695.33
1703,0.803545909,0,1536.91
1704,0.797178673,0,1427.66
1705,0.800146833,0,1340.19
1706,0.802008609,0,1312.35
1707,0.80080432,0,1311.46
1708,0.800116019,0,1369.76
1709,0.795659509,0,1482.14
1710,0.789099668,0,1723.41
1711,0.779681022,0.012307074,1974.22
1712,0.781257971,0.04215654,2152.54
1713,0.773851463,0.091861855,2275.14
1714,0.793251256,0.355532129,2294.63
1715,0.796250197,0.519702581,2309.6
1716,0.799895265,0.551127535,2274.57
1717,0.796672583,0.497810613,2192.53
1718,0.784593339,0.445021113,2070.42
1719,0.77472097,0.466310979,2000.17
1720,0.774238093,0.469206956,1960.29
1721,0.785385516,0.207576253,1997.28
1722,0.773478962,0.07191237,2028.75
1723,0.781664574,0,2093.52
1724,0.786609781,0,2030.4
1725,0.785680893,0,1913
1726,0.772297963,0,1679.48
1727,0.730621019,0,1511.1
1728,0.717026013,0,1409.86
1729,0.657493674,0,1340.19
1730,0.564603762,0,1322.08
1731,0.451171972,0,1317.47
1732,0.394502821,0,1368.75
1733,0.326399224,0,1494.78
1734,0.291144245,0,1733.88
1735,0.253545938,0.077563342,1995.24
1736,0.175616691,0.167493245,2136.99
1737,0.103309697,0.096525212,2254.55
1738,0.087764702,0.20088568,2298.32
1739,0.107130455,0.255908054,2311.44
1740,0.117972393,0.367919701,2307.28
1741,0.106503707,0.387325496,2233.89
1742,0.106100695,0.371686688,2105.51
1743,0.127903673,0.376119214,2006.66
1744,0.112944463,0.160305902,1962.05
1745,0.090358713,0.142478079,2021.33
1746,0.09839644,0.037141177,2013.65
1747,0.171091632,0,2091
1748,0.188778108,0,2012.36
1749,0.232674491,0,1901.24
1750,0.279295696,0,1705
1751,0.26812121,0,1521.05
1752,0.243935261,0,1415.19
1753,0.231866436,0,1340.12
1754,0.198105439,0,1316.73
1755,0.157695324,0,1313.35
1756,0.128740175,0,1372.9
1757,0.111792235,0,1487.31
1758,0.125407576,0,1727.99
1759,0.133346559,0.047693628,1968.83
1760,0.140496253,0.338735894,2154
1761,0.111386821,0.677743627,2266.62
1762,0.098575042,0.659098418,2305.64
1763,0.101688627,0.375770158,2320.37
1764,0.146365379,0.337984943,2318.54
1765,0.182273336,0.511276744,2244.23
1766,0.214846914,0.533540183,2123.66
1767,0.240816883,0.597191283,2034.71
1768,0.246993552,0.402258556,1988.04
1769,0.24136396,0.275709196,1997.9
1770,0.246463047,0.064829447,2036.24
1771,0.268084416,0,2083.24
1772,0.315650682,0,2034.34
1773,0.358137848,0,1912.16
1774,0.422667967,0,1693.57
1775,0.440273277,0,1505.93
1776,0.407394437,0,1409.89
1777,0.340582886,0,1332.56
1778,0.298691923,0,1313.64
1779,0.393579582,0,1313.58
1780,0.50032412,0,1360.88
1781,0.589797888,0,1478.26
1782,0.643772775,0,1717.31
1783,0.651543482,0.010125878,1996.14
1784,0.640370867,0.015171043,2149.91
1785,0.661461675,0.037231462,2251.99
1786,0.595418629,0.151312899,2291.37
1787,0.437005365,0.234875667,2293.32
1788,0.288103834,0.310668071,2278.32
1789,0.224253531,0.432210707,2205.71
1790,0.199409451,0.61253931,2089.53
1791,0.167414832,0.799919564,1997.25
1792,0.151436748,0.714408677,1950.81
1793,0.158850109,0.410337539,2004.74
1794,0.156392127,0.079767169,2017.36
1795,0.16381416,0,2079.61
1796,0.250701901,0,2018.59
1797,0.32324621,0,1877.03
1798,0.418454145,0,1653.79
1799,0.445206686,0,1497.68
1800,0.45525744,0,1406.76
1801,0.424014356,0,1300.01
1802,0.403798964,0,1260.43
1803,0.455036906,0,1260.74
1804,0.50900665,0,1266.12
1805,0.519764253,0,1293.95
1806,0.582001659,0,1410.63
1807,0.559064155,0.121027413,1455.44
1808,0.514742744,0.624619976,1562.13
1809,0.361439305,0.891667243,1592.28
1810,0.283545505,0.897822188,1608.46
1811,0.211862088,0.860736998,1625.22
1812,0.161524693,0.826803152,1632.99
1813,0.156581946,0.824110506,1609.25
1814,0.143003324,0.852134584,1605.11
1815,0.125496399,0.881108771,1670.74
1816,0.163658059,0.869425704,1652.11
1817,0.232382153,0.636746904,1717.26
1818,0.399165079,0.118557739,1801.03
1819,0.697469709,0,1915.93
1820,0.760141203,0,1973.05
1821,0.787949877,0,1858.04
1822,0.792291573,0,1627.22
1823,0.801302915,0,1445.85
1824,0.804149861,0,1325.12
1825,0.804347297,0,1197.3
1826,0.803978102,0,1184.53
1827,0.805353336,0,1172.08
1828,0.805472591,0,1186.7
1829,0.805604731,0,1261.46
1830,0.805588794,0,1279.37
1831,0.805384799,0.077746146,1327.91
1832,0.803083639,0.452420329,1437.91
1833,0.783227228,0.689332659,1522.2
1834,0.720615892,0.722351058,1496.51
1835,0.667685912,0.71989,1484.27
1836,0.643400386,0.686397916,1471.45
1837,0.640997997,0.672543789,1464.69
1838,0.63571573,0.717958081,1495.18
1839,0.635911442,0.773363399,1467.74
1840,0.642063735,0.72586071,1468.31
1841,0.685644473,0.625687155,1578.26
1842,0.689895768,0.159596087,1641.26
1843,0.760764551,0,1739.61
1844,0.773067237,0,1788.48
1845,0.775275396,0,1706.8
1846,0.750375872,0,1474.95
1847,0.701439475,0,1296.64
1848,0.689883763,0,1197.17
1849,0.656541167,0,1285.42
1850,0.629926505,0,1300.84
1851,0.626087502,0,1309.29
1852,0.675692731,0,1365.02
1853,0.696548933,0,1479.92
1854,0.672276792,0,1728.83
1855,0.663514905,0.146156111,1965.39
1856,0.66678029,0.672211705,2139.67
1857,0.68282964,0.920974945,2251.24
1858,0.720357813,0.929174334,2301.03
1859,0.753516276,0.894878754,2341.68
1860,0.751706172,0.860970015,2326.17
1861,0.724850061,0.859367364,2242.9
1862,0.705873545,0.882618967,2152.2
1863,0.686404859,0.91311099,2070.32
1864,0.668429296,0.919533432,2012.27
1865,0.665807054,0.736599496,2036.15
1866,0.671884842,0.202615808,2062.63
1867,0.685402814,0,2086.92
1868,0.696910997,0,2008.01
1869,0.677055654,0,1934.93
1870,0.62813488,0,1678.34
1871,0.6482026,0,1507.53
1872,0.63987222,0,1400.79
1873,0.603812422,0,1325.27
1874,0.660690152,0,1309.59
1875,0.595396112,0,1316.95
1876,0.578908768,0,1356.84
1877,0.52811219,0,1487.93
1878,0.525077722,0,1729.25
1879,0.509157698,0.160315998,1978.13
1880,0.371916537,0.706118889,2125.32
1881,0.295380497,0.949585274,2232.3
1882,0.207671405,0.94984637,2308.14
1883,0.122623678,0.913844948,2328.6
1884,0.073742958,0.874703207,2291.41
1885,0.058756441,0.861709511,2199.17
1886,0.055674781,0.880229788,2081.29
1887,0.073314696,0.90166495,1996.19
1888,0.0843137,0.880584728,1965.18
1889,0.114359327,0.676920294,2004.44
1890,0.139898119,0.170988503,2022.61
1891,0.167009752,0,2069.35
1892,0.227570166,0,2019.01
1893,0.286139582,0,1912.21
1894,0.328812964,0,1672.11
1895,0.356570959,0,1499.89
1896,0.379334972,0,1404.38
1897,0.393502342,0,1341.35
1898,0.409493189,0,1320.01
1899,0.433125186,0,1317.71
1900,0.45161468,0,1376.44
1901,0.518991967,0,1477.29
1902,0.599619056,0,1720.06
1903,0.675439054,0.001617237,1983.56
1904,0.658629916,0.020910732,2152.58
1905,0.729533521,0.051216554,2250.25
1906,0.650648714,0.062660224,2304.45
1907,0.694618153,0.081417875,2308.46
1908,0.754408451,0.101188002,2300.71
1909,0.734074687,0.157940337,2211.53
1910,0.725031071,0.132464981,2093.24
1911,0.681420408,0.401412816,1998.21
1912,0.639585093,0.237626383,1962.43
1913,0.632759994,0.316097896,2013.57
1914,0.536217044,0.087375388,2067.42
1915,0.356027861,0,2103.42
1916,0.254871307,0,2047.86
1917,0.210252302,0,1930.68
1918,0.203579165,0,1699.76
1919,0.258038863,0,1519.06
1920,0.369860665,0,1411.67
1921,0.453012241,0,1341.55
1922,0.559627123,0,1325.06
1923,0.591822872,0,1315.08
1924,0.604511596,0,1370.68
1925,0.701351019,0,1480.96
1926,0.775514495,0,1728.56
1927,0.771883308,0.043995621,1970.79
1928,0.742485316,0.20341795,2156.58
1929,0.691395976,0.61649644,2306.94
1930,0.682959921,0.676153984,2297
1931,0.677257937,0.519732007,2338.61
1932,0.640865004,0.532288612,2319.05
1933,0.620788109,0.675765136,2218.26
1934,0.582082687,0.877886808,2094.57
1935,0.546655357,0.896125616,2046.04
1936,0.519819799,0.876288936,2005.74
1937,0.507597259,0.633189698,2032.29
1938,0.516269003,0.100925783,2089.12
1939,0.567755264,0,2112.45
1940,0.643436555,0,2085.17
1941,0.685794305,0,1937.68
1942,0.606585193,0,1706.15
1943,0.528675069,0,1531.51
1944,0.370597452,0,1412.99
1945,0.304082848,0,1333.27
1946,0.293053202,0,1308.15
1947,0.269434996,0,1310.01
1948,0.184787652,0,1362.41
1949,0.117210145,0,1470.51
1950,0.045309277,0,1726.99
1951,0.014089752,0.003321138,1963.78
1952,0.009565749,0.023517422,2144.78
1953,0.014783403,0.105441178,2263.27
1954,0.02232296,0.079346154,2294.01
1955,0.041655799,0.124928817,2331.51
1956,0.052685648,0.117332443,2319
1957,0.073636631,0.137273447,2262.94
1958,0.080233907,0.117070254,2128.93
1959,0.131556454,0.09031357,2011.74
1960,0.157023841,0.075351751,1967.61
1961,0.151112683,0.282452747,2021.39
1962,0.212863596,0.017994287,2039.9
1963,0.182658186,1.74E-06,2067.5
1964,0.191352212,0,2010.7
1965,0.29099262,0,1899.87
1966,0.390800618,0,1675.09
1967,0.462395524,0,1506.13
1968,0.519197256,0,1396.44
1969,0.57779062,0,1274.68
1970,0.587790789,0,1241.73
1971,0.629538209,0,1241.19
1972,0.687706176,0,1253.15
1973,0.724452298,0,1278.08
1974,0.753981125,0,1383.67
1975,0.743223381,0.009961456,1412.1
1976,0.739596758,0.052349394,1534.98
1977,0.738522064,0.179558683,1574.21
1978,0.665948626,0.45949761,1617.74
1979,0.533011933,0.732011993,1624.73
1980,0.411573297,0.788467589,1616.17
1981,0.374209295,0.783245025,1611
1982,0.36957424,0.850796125,1607.58
1983,0.353372131,0.956025135,1678.45
1984,0.370197331,0.957370785,1706.61
1985,0.415726348,0.746313528,1771.2
1986,0.495950365,0.172828587,1848.59
1987,0.532349322,0.003528288,1905.9
1988,0.612775156,0,1949.4
1989,0.649853894,0,1878.38
1990,0.634886525,0,1624.1
1991,0.666941844,0,1448.6
1992,0.740429229,0,1337.31
1993,0.711464095,0,1207.18
1994,0.693538535,0,1186.04
1995,0.656988953,0,1170.95
1996,0.633849833,0,1179.33
1997,0.590642985,0,1254.47
1998,0.529199151,3.87E-05,1263
1999,0.48502949,0.224968107,1277.71
2000,0.41465814,0.786421891,1422.2
2001,0.357445249,0.97494858,1500.59
2002,0.292914201,0.977182804,1501.54
2003,0.275385831,0.946180514,1461.64
2004,0.286887893,0.914436487,1474.02
2005,0.344126592,0.863359079,1462.72
2006,0.398477182,0.792210955,1461.18
2007,0.433526608,0.732437094,1476.7
2008,0.497317552,0.703924681,1467.69
2009,0.59856537,0.527510365,1539.6
2010,0.690288705,0.124051248,1619.51
2011,0.699456818,0.001359842,1721.71
2012,0.718455168,0,1763.33
2013,0.766602005,0,1683.26
2014,0.767819533,0,1478.53
2015,0.782688211,0,1293.03
2016,0.778150587,0,1206.94
2017,0.769235489,0,1294.34
2018,0.756304794,0,1306.34
2019,0.71935476,0,1311.14
2020,0.697754762,0,1361.94
2021,0.668527781,0,1472.04
2022,0.643027535,0.002738315,1739.85
2023,0.671134274,0.250324025,1976.09
2024,0.711361934,0.833120814,2146.1
2025,0.713776439,0.995101128,2269.61
2026,0.695694086,0.996980927,2312.91
2027,0.702789736,0.97867153,2317.26
2028,0.700971514,0.945764017,2288.03
2029,0.70338248,0.942592011,2211.37
2030,0.71794121,0.971384258,2128.32
2031,0.728537585,0.995078814,2072.05
2032,0.733487609,0.994494269,2042.71
2033,0.745225042,0.850874707,2080.76
2034,0.73610797,0.274704522,2102.79
2035,0.752791478,0.005401018,2113.79
2036,0.769424216,0,2031.28
2037,0.774095434,0,1915.72
2038,0.779807538,0,1681.08
2039,0.77413071,0,1499.21
2040,0.740608323,0,1400.51
2041,0.696641712,0,1318.61
2042,0.645066976,0,1287.54
2043,0.537351123,0,1303.48
2044,0.455294781,0,1362.31
2045,0.400959682,0,1477.27
2046,0.381385983,1.43E-05,1730.16
2047,0.380501784,0.042307598,1966.48
2048,0.417451763,0.584734233,2154.95
2049,0.436363492,0.974301193,2253.75
2050,0.509469352,0.993014743,2301.46
2051,0.548795049,0.96565457,2313.47
2052,0.563653789,0.936167407,2309.45
2053,0.589563236,0.934241585,2246.8
2054,0.609495752,0.962190616,2101.32
2055,0.652846315,0.990556337,2005.28
2056,0.721455393,0.990229783,1975.78
2057,0.744117767,0.845749556,2003.62
2058,0.757084997,0.2830276,2054
2059,0.773036747,0.006329591,2089.23
2060,0.801330247,0,2019.64
2061,0.798518374,0,1896.65
2062,0.801515322,0,1685.37
2063,0.79846535,0,1513.34
2064,0.791869048,0,1399.96
2065,0.773099377,0,1313.36
2066,0.761721761,0,1291.1
2067,0.74668312,0,1306.42
2068,0.752139873,0,1354.63
2069,0.755638951,0,1471.71
2070,0.738545985,0.005631544,1718.45
2071,0.727177163,0.288090329,1982.46
2072,0.709212318,0.87707178,2137.69
2073,0.720928321,0.997517606,2245.76
2074,0.743164922,0.996852761,2300.97
2075,0.728669841,0.969233308,2316.22
2076,0.736012273,0.90874029,2292.53
2077,0.748273529,0.927134335,2204.89
2078,0.755823192,0.941030953,2081.6
2079,0.7658684,0.981861856,2006.76
2080,0.780142644,0.981930105,1955.19
2081,0.778019027,0.839745353,1987.75
2082,0.759555811,0.286574317,2027.93
2083,0.784538695,0.007025788,2086.73
2084,0.796848322,0,2047.69
2085,0.802145685,0,1915.64
2086,0.802722977,0,1722.24
2087,0.7971286,0,1498.3
2088,0.786042963,0,1397.24
2089,0.76089038,0,1308.94
2090,0.724678488,0,1284.84
2091,0.688781512,0,1295.66
2092,0.679470415,0,1362.99
2093,0.685053925,0,1477.59
2094,0.685748036,0.006879755,1767.68
2095,0.703808242,0.29711377,1982.82
2096,0.698753347,0.879548199,2179.46
2097,0.693962263,0.996608121,2289.73
2098,0.68565585,0.994872618,2300.42
2099,0.685340852,0.966489636,2327.06
2100,0.687143905,0.93027238,2304.04
2101,0.698647136,0.922096161,2240.93
2102,0.703102262,0.941717091,2129.83
2103,0.713090074,0.963914823,2029.19
2104,0.724184322,0.95940472,1995.7
2105,0.739478346,0.815143546,2021.61
2106,0.757407411,0.28784717,2029.42
2107,0.757610656,0.008621929,2079.84
2108,0.753347893,0,2036.49
2109,0.766424098,0,1896.33
2110,0.766165735,0,1672.18
2111,0.74910687,0,1494.57
2112,0.710181927,0,1398.52
2113,0.652553821,0,1317.17
2114,0.531317036,0,1292.39
2115,0.398837146,0,1303.37
2116,0.336950739,0,1364.84
2117,0.345586189,0,1477.68
2118,0.335371608,0.008743283,1730.06
2119,0.338227653,0.298637946,1977.46
2120,0.19908298,0.71936025,2215.17
2121,0.155735264,0.883077661,2308.39
2122,0.110022932,0.851452112,2369.08
2123,0.052134967,0.787562082,2421.16
2124,0.030694505,0.767960037,2347.95
2125,0.023293854,0.683670965,2269.71
2126,0.062975867,0.718719548,2166.3
2127,0.168135389,0.756442926,2087.41
2128,0.255483881,0.691771889,2018.03
2129,0.373183843,0.42304495,2064.63
2130,0.379899003,0.107497441,2071.82
2131,0.398071847,0.002401253,2089.82
2132,0.464869431,0,2026.72
2133,0.441962488,0,1922.6
2134,0.341712302,0,1681.74
2135,0.125371419,0,1503.4
2136,0.015673549,0,1403.06
2137,0.007897077,0,1284.88
2138,0.095267954,0,1236.8
2139,0.192858124,0,1237.1
2140,0.268374135,0,1252.17
2141,0.329539522,0,1278.43
2142,0.379951186,0.001336588,1387.19
2143,0.377044457,0.00311653,1429.19
2144,0.348118241,0.027319034,1568.89
2145,0.426071184,0.122462533,1605.01
2146,0.474411524,0.241593448,1642.09
2147,0.566561565,0.278426296,1660.77
2148,0.623987281,0.245305407,1717.92
2149,0.654777739,0.243333315,1724.66
2150,0.664664831,0.217554834,1720.57
2151,0.656185029,0.192005479,1769
2152,0.668104347,0.108882486,1801.94
2153,0.662221943,0.059428784,1847.55
2154,0.676048279,0.022845626,1954.01
2155,0.720844743,0.000255391,1954.98
2156,0.757283661,0,1939.05
2157,0.760267233,0,1864.91
2158,0.778320887,0,1643.92
2159,0.76643469,0,1441.95
2160,0.779113937,0,1342.88
2161,0.783204262,0,1202.39
2162,0.783681522,0,1174
2163,0.776727303,0,1150.86
2164,0.778356892,0,1157.15
2165,0.749196685,0,1233.96
2166,0.761116572,0.000280572,1256.83
2167,0.7335731,0.013827094,1271.21
2168,0.721049981,0.075637927,1389.47
2169,0.638627722,0.126212707,1452.25
2170,0.594670133,0.168585962,1495.37
2171,0.518073053,0.191283521,1437.64
2172,0.412935555,0.212594334,1440.75
2173,0.391379732,0.285016172,1440.66
2174,0.380777321,0.231000643,1448.56
2175,0.43077536,0.169498657,1448.65
2176,0.579519802,0.152096408,1470.51
2177,0.609635801,0.244889286,1495.17
2178,0.62907462,0.065784969,1535.4
2179,0.668217567,0.001958317,1618.16
2180,0.711067566,0,1653.43
2181,0.753973196,0,1671.42
2182,0.770389559,0,1530.36
2183,0.789235418,0,1304.8
2184,0.799147641,0,1196.02
2185,0.799134222,0,1289.15
2186,0.804020772,0,1303.8
2187,0.804719142,0,1310.23
2188,0.804850268,0,1373.89
2189,0.804086806,0,1489.65
2190,0.801849245,0.01310754,1691.56
2191,0.80119956,0.318508376,1954.51
2192,0.773842353,0.835300467,2144.2
2193,0.750106493,0.97405732,2250.38
2194,0.738570434,0.977821178,2314.55
2195,0.736802687,0.904157047,2306.61
2196,0.736380553,0.800150586,2288.21
2197,0.747341061,0.856005353,2200.09
2198,0.771431426,0.877003092,2064.35
2199,0.779579825,0.737188555,1987.64
2200,0.73769725,0.752218185,1960.57
2201,0.703111346,0.56921265,1949.22
2202,0.757974604,0.290925567,1946.69
2203,0.72060507,0.013153346,1955.34
2204,0.749962716,0,1978.11
2205,0.77967994,0,1902.11
2206,0.799047804,0,1687.32
2207,0.78950434,0,1506.4
2208,0.781363604,0,1395.77
2209,0.788286104,0,1313.02
2210,0.797145122,0,1287.97
2211,0.801239476,0,1309.78
2212,0.799072858,0,1360.53
2213,0.800662044,0,1473.07
2214,0.79547621,0.01631118,1702.57
2215,0.790149741,0.352248833,1955.36
2216,0.746138541,0.887183063,2128.49
2217,0.737822797,0.994681608,2248.93
2218,0.761116217,0.991012354,2331.04
2219,0.778593398,0.879937893,2306.06
2220,0.794954683,0.842045957,2314.32
2221,0.799350067,0.922036105,2229.32
2222,0.793432622,0.916321196,2069.78
2223,0.792979732,0.827130264,1968.82
2224,0.782237683,0.69807534,1921.75
2225,0.764443664,0.572637871,1946.93
2226,0.674721552,0.243613976,1930.53
2227,0.529764098,0.01015576,1963.24
2228,0.459220586,0,1969.36
2229,0.324614537,0,1893.62
2230,0.151938855,0,1687.08
2231,0.062501656,0,1509.86
2232,0.017365304,0,1397.73
2233,0.029731157,0,1326.16
2234,0.085239885,0,1303.23
2235,0.229470207,0,1310.6
2236,0.323609642,0,1366.19
2237,0.331112531,0,1477.15
2238,0.353864207,2.55E-06,1694.49
2239,0.605248904,0.015614964,1956.12
2240,0.749046299,0.086443733,2134.79
2241,0.799972954,0.100629134,2267.37
2242,0.805860803,0.33892735,2313.79
2243,0.805523337,0.540945339,2299.59
2244,0.803082642,0.633392148,2317.59
2245,0.793275593,0.637713576,2232.06
2246,0.783143527,0.632855421,2099.72
2247,0.772856415,0.704376776,1998.03
2248,0.713170131,0.505959395,1972.18
2249,0.692479886,0.393456662,1976.31
2250,0.740378085,0.184990784,1981.72
2251,0.791722289,0.007321139,1963.25
2252,0.803014368,0,1947.88
2253,0.805287817,0,1884.05
2254,0.805879978,0,1701.3
2255,0.805876937,0,1513.77
2256,0.80588516,0,1404.77
2257,0.805884546,0,1361.25
2258,0.805884893,0,1309.52
2259,0.760042004,0,1313.82
2260,0.756706575,0,1357.76
2261,0.745802059,0,1464
2262,0.717601289,0.001359167,1711.04
2263,0.603058135,0.023120725,1943.59
2264,0.437925261,0.16947663,2122.37
2265,0.140662951,0.179015485,2236.35
2266,0.083803231,0.196602487,2305.68
2267,0.118835493,0.131025962,2319.16
2268,0.376821648,0.176904495,2318.39
2269,0.724499424,0.152443358,2229.82
2270,0.752658824,0.212333968,2087.76
2271,0.69593109,0.311379807,1996.6
2272,0.598041035,0.332743688,1950.35
2273,0.671122596,0.339404729,1965.18
2274,0.666722032,0.223074017,1956.75
2275,0.762098945,0.017239163,1952.72
2276,0.800038793,0,1954.49
2277,0.803521521,0,1899.96
2278,0.804710956,0,1704.81
2279,0.800009471,0,1509.33
2280,0.791645064,0,1402.09
2281,0.794089704,0,1322
2282,0.7993137,0,1287.45
2283,0.800437043,0,1292.55
2284,0.796450686,0,1347.98
2285,0.788533655,0,1467.24
2286,0.784035577,0.01162527,1707.72
2287,0.771758935,0.282244905,1947.66
2288,0.695551561,0.882884694,2148.28
2289,0.681628201,0.990448378,2275.15
2290,0.695024905,0.985793491,2295.92
2291,0.716593287,0.947946333,2292.18
2292,0.73505609,0.916498119,2275.91
2293,0.733444632,0.801437914,2219.75
2294,0.766440639,0.569388054,2097.38
2295,0.784484879,0.466088525,1996.53
2296,0.797685337,0.192915043,1972.36
2297,0.792189193,0.075053074,2011.58
2298,0.757125106,0.096909575,2002.67
2299,0.703406014,0.002411165,2022.22
2300,0.555113711,0,1997.96
2301,0.39907841,0,1921.68
2302,0.257603913,0,1735.49
2303,0.164620147,0,1536.24
2304,0.121545959,0,1397.69
2305,0.059153089,0,1274.75
2306,0.032850815,0,1228.08
2307,0.022759398,0,1220.07
2308,0.01461373,0,1246.28
2309,0.036586879,0,1273.36
2310,0.105078883,0.003744944,1350.83
2311,0.18191436,0.07261731,1410.82
2312,0.315229597,0.136265996,1512.23
2313,0.380533771,0.188202365,1546.69
2314,0.399962263,0.259637824,1588.81
2315,0.377258305,0.386933118,1589.06
2316,0.335793588,0.485771203,1605.98
2317,0.271379185,0.480835469,1602.81
2318,0.188604564,0.477924737,1561.06
2319,0.125833059,0.443797368,1624.84
2320,0.09694798,0.613099422,1629.31
2321,0.061127335,0.388741623,1639.41
2322,0.056434339,0.217557629,1681.21
2323,0.076961946,0.01473328,1774.47
2324,0.124182023,0,1877.58
2325,0.113953148,0,1895.57
2326,0.117734932,0,1698.34
2327,0.087993111,0,1478.1
2328,0.051371542,0,1367.91
2329,0.050837585,0,1214
2330,0.053227363,0,1189.63
2331,0.062236,0,1177.56
2332,0.056212847,0,1187.54
2333,0.048796877,0,1261.47
2334,0.052680589,0.003906643,1253.21
2335,0.125640854,0.092356006,1291.09
2336,0.126733532,0.272486196,1411.45
2337,0.078127615,0.367864348,1472.97
2338,0.069016176,0.466552012,1462.98
2339,0.060292603,0.344261888,1454
2340,0.072067099,0.338918341,1471.01
2341,0.083548846,0.370256074,1431.37
2342,0.098284083,0.246620435,1425.76
2343,0.165481135,0.167239537,1428.81
2344,0.21271582,0.143065681,1424.88
2345,0.197363835,0.073586573,1469.49
2346,0.18938839,0.018112018,1507.46
2347,0.179496919,0.00031243,1590.88
2348,0.167535665,0,1687.02
2349,0.120828595,0,1688.39
2350,0.087616583,0,1514.81
2351,0.0833549,0,1303.06
2352,0.053684437,0,1211.18
2353,0.05871099,0,1301.78
2354,0.07726313,0,1305.72
2355,0.11937123,0,1310.35
2356,0.121050624,0,1359.3
2357,0.118718909,0,1471.41
2358,0.140520438,0.019304244,1699.08
2359,0.117254544,0.305748249,1950.14
2360,0.070815063,0.813205466,2148.59
2361,0.025144495,0.938270157,2252.06
2362,0.005521548,0.943785975,2285.58
2363,0.007579197,0.923355802,2315.71
2364,0.018566402,0.910502966,2321.38
2365,0.032470217,0.911432548,2207.25
2366,0.062167118,0.926788005,2098.44
2367,0.097126541,0.873022896,2009.73
2368,0.121382513,0.695805503,1974.15
2369,0.110052832,0.483389133,1956.58
2370,0.130990187,0.141142069,1939.98
2371,0.156664499,0.007018086,1968.37
2372,0.238933313,0,1974.69
2373,0.242946857,0,1915.15
2374,0.206325556,0,1698.72
2375,0.168627444,0,1514.15
2376,0.201758278,0,1401.25
2377,0.181249704,0,1315.69
2378,0.132047587,0,1304.51
2379,0.037204477,0,1311.36
2380,0.016459885,0,1358.79
2381,0.014751424,0,1472.25
2382,0.018142416,9.36E-05,1699.27
2383,0.034043342,0.014222691,1949.53
2384,0.02796972,0.064168729,2148.92
2385,0.022026053,0.132848099,2273.49
2386,0.006683625,0.194658748,2334.52
2387,0.011949563,0.268454906,2301.44
2388,0.058598512,0.452294198,2280.07
2389,0.165260903,0.441725531,2209.09
2390,0.257070225,0.437086068,2074.18
2391,0.328731338,0.417711423,2005.53
2392,0.424767655,0.468034974,1982.84
2393,0.448599257,0.462029225,1980.03
2394,0.342547924,0.141130425,1933.06
2395,0.543605955,0.006541562,1960.36
2396,0.698730253,0,1972
2397,0.738293706,0,1906.19
2398,0.733478898,0,1709.52
2399,0.730583571,0,1498.12
2400,0.745580272,0,1394.17
2401,0.743341682,0,1309.99
2402,0.749310604,0,1295.38
2403,0.755740033,0,1311.28
2404,0.776641498,0,1359.97
2405,0.790488996,0,1462.73
2406,0.787182521,0.004243522,1678.42
2407,0.773093089,0.093322332,1971.85
2408,0.781868382,0.154650753,2152.59
2409,0.783657886,0.16310307,2291.72
2410,0.775208679,0.388984129,2328.89
2411,0.780784875,0.666671736,2363.58
2412,0.742370158,0.745647491,2351.54
2413,0.761809861,0.752213572,2285.37
2414,0.760664304,0.754668934,2140.45
2415,0.789159974,0.794867524,2029.44
2416,0.796853928,0.743757374,1979.78
2417,0.800495753,0.60334471,1998.85
2418,0.804962888,0.203565113,1964.11
2419,0.805607283,0.01054953,1966.17
2420,0.805246514,0,1940
2421,0.805360635,0,1904.94
2422,0.805730848,0,1703.88
2423,0.805529214,0,1506.1
2424,0.805618427,0,1381.19
2425,0.80405951,0,1311.25
2426,0.756599021,0,1288.91
2427,0.6448706,0,1297.75
2428,0.613750595,0,1364.71
2429,0.446095233,0,1481.15
2430,0.462526193,0.005029399,1687.69
2431,0.659796651,0.050784979,1972.02
2432,0.662602274,0.089076248,2169.75
2433,0.626526242,0.155362157,2261.67
2434,0.484430357,0.209227361,2333.49
2435,0.334296345,0.127119441,2372.91
2436,0.385078555,0.250890209,2379
2437,0.351294543,0.254543142,2312.33
2438,0.480113276,0.208211582,2172.41
2439,0.502629543,0.253782462,2070.94
2440,0.543171866,0.121303787,2010.94
2441,0.601436405,0.05293195,2031.86
2442,0.664373037,0.024099094,2008.55
2443,0.60309206,0.000697109,2045.04
2444,0.771955826,0,2016.02
2445,0.789593458,0,1964.87
2446,0.803851517,0,1745.84
2447,0.805774377,0,1534.71
2448,0.805869926,0,1403.91
2449,0.804878863,0,1323.22
2450,0.795541204,0,1301.44
2451,0.784569777,0,1310.96
2452,0.778854205,0,1378.29
2453,0.796133554,0,1487.38
2454,0.785272581,0.005108322,1733.43
2455,0.70966657,0.035665852,2029.37
2456,0.782425456,0.120950424,2243.49
2457,0.800191866,0.152281818,2363.86
2458,0.776238355,0.162547724,2450.65
2459,0.776758966,0.161582786,2547.64
2460,0.72643772,0.225206749,2670.81
2461,0.68121019,0.237848884,2717.3
2462,0.574996549,0.196408088,2743.88
2463,0.41627276,0.241432448,2762.61
2464,0.23706125,0.171768729,2830.11
2465,0.091700792,0.082530084,2837.26
2466,0.066569631,0.004074525,2669.13
2467,0.103683892,6.37E-05,2477.98
2468,0.091042685,0,2312.29
2469,0.112289743,0,2230.48
2470,0.119681549,0,2053.61
2471,0.086657222,0,1750.84
2472,0.127890575,0,1598.94
2473,0.224483713,0,1472.13
2474,0.258407249,0,1377.45
2475,0.226943874,0,1352.24
2476,0.26716362,0,1349.78
2477,0.368081327,0,1379.43
2478,0.557527467,0.015039151,1468.27
2479,0.666631107,0.279845207,1620.3
2480,0.604540066,0.829009414,1818.63
2481,0.588474302,0.921465637,1991.32
2482,0.476814689,0.951537238,2099.45
2483,0.423155459,0.93562832,2190.15
2484,0.356960883,0.909430505,2214.02
2485,0.295964089,0.81557343,2256.75
2486,0.252311587,0.766070953,2339.66
2487,0.216684848,0.817177124,2379.23
2488,0.199823662,0.89185679,2337.29
2489,0.184243068,0.776999147,2192.04
2490,0.155072405,0.352219917,2031.34
2491,0.145428061,0.023815109,1953.17
2492,0.203421262,0,1934.05
2493,0.359759518,0,1884.89
2494,0.454882375,0,1685.91
2495,0.622579071,0,1410.94
2496,0.783771092,0,1306.97
2497,0.779085971,0,1181.24
2498,0.734202687,0,1158.18
2499,0.685312138,0,1143.31
2500,0.685764049,0,1156.1
2501,0.718348336,0,1235.23
2502,0.753366584,0.033978109,1230.86
2503,0.713424229,0.382041638,1281.24
2504,0.702415593,0.689639083,1395.07
2505,0.685362149,0.718216921,1448.09
2506,0.651880349,0.558672627,1435.61
2507,0.585522579,0.539478055,1447.46
2508,0.518032427,0.586849706,1435.56
2509,0.463385095,0.694954271,1427.7
2510,0.443905546,0.862113602,1433.57
2511,0.476832326,0.823687861,1439.21
2512,0.529351714,0.607758853,1430.05
2513,0.558405313,0.231110085,1467.96
2514,0.610677862,0.059724892,1528.3
2515,0.598573687,0.00465824,1597.33
2516,0.616920013,0,1687.87
2517,0.666272445,0,1685.06
2518,0.693799174,0,1501.33
2519,0.715394999,0,1300.24
2520,0.744068484,0,1208.77
2521,0.769003605,0,1298.57
2522,0.78202593,0,1311.81
2523,0.784760844,0,1318.63
2524,0.79430296,0,1378.91
2525,0.797650993,0,1480.93
2526,0.801129121,0.005987679,1691.74
2527,0.798025033,0.054270539,1963.48
2528,0.803655463,0.163007024,2190.85
2529,0.805483627,0.167154765,2296.22
2530,0.805368365,0.202308238,2305.16
2531,0.805174303,0.278842563,2294.66
2532,0.805885641,0.237314941,2301.54
2533,0.805886671,0.17580912,2233.71
2534,0.805886671,0.128218717,2094.19
2535,0.805558526,0.13810982,2018.09
2536,0.78988695,0.078939395,1984
2537,0.781628202,0.042570207,1991.25
2538,0.729214205,0.0248428,1969.51
2539,0.611577643,0.001369952,1940.79
2540,0.46641104,0,1948.45
2541,0.276071085,0,1920.65
2542,0.061222443,0,1730.38
2543,0.017967984,0,1525.86
2544,0.017967984,0,1405.25
2545,0,0,1321.51
2546,0.043148335,0,1302.46
2547,0.088837759,0,1314.62
2548,0.462303054,0,1356.32
2549,0.642886525,0,1474.58
2550,0.779633256,0.035870866,1664.1
2551,0.793236238,0.455943503,1944.11
2552,0.76839239,0.751880811,2173.8
2553,0.772905181,0.405130312,2272.62
2554,0.785249847,0.840181982,2295.69
2555,0.792953032,0.987812316,2314.02
2556,0.791972053,0.971757083,2311.24
2557,0.786779184,0.970489917,2217.04
2558,0.799818835,0.9849173,2088.98
2559,0.80146646,0.991222537,1995.06
2560,0.804448475,0.966321681,1940.4
2561,0.80042003,0.830845666,1966.97
2562,0.785721272,0.375348886,1937.16
2563,0.773742732,0.023706229,1918.78
2564,0.802397249,0,1938.24
2565,0.805886671,0,1898
2566,0.80575992,0,1688.92
2567,0.760217138,0,1508.71
2568,0.495469312,0,1407.11
2569,0.764656014,0,1326.62
2570,0.780038428,0,1310.41
2571,0.671489345,0,1325.08
2572,0.70817933,0,1366.79
2573,0.74761013,0,1474.06
2574,0.773628954,0.028291766,1678.27
2575,0.759890549,0.26582179,1945.79
2576,0.629249586,0.629594622,2149.82
2577,0.555518704,0.791748741,2250.76
2578,0.55383551,0.853216606,2302.02
2579,0.439013487,0.854055324,2301.06
2580,0.304139237,0.822327693,2285.67
2581,0.283176067,0.599996235,2226.86
2582,0.240837576,0.414025499,2099.43
2583,0.533054771,0.390321957,2033.92
2584,0.658165249,0.42494966,2027.99
2585,0.620810267,0.226354568,2054.22
2586,0.607461405,0.133510577,2001.42
2587,0.606447912,0.007635315,1988.09
2588,0.669822431,0,1973.51
2589,0.691582249,0,1926.26
2590,0.73740828,0,1710
2591,0.194324719,0,1497.57
2592,0.165360073,0,1388.46
2593,0.279582324,0,1315.1
2594,0.467917738,0,1278.35
2595,0.584124338,0,1292.3
2596,0.477076761,0,1363.61
2597,0.332031003,0,1475.41
2598,0.230189828,0.003781355,1687.63
2599,0.181370814,0.042655302,1972.4
2600,0.074234385,0.091002948,2154.82
2601,0.026036547,0.147942408,2257.22
2602,0.032719994,0.261661407,2322.18
2603,0.066492594,0.32915564,2316.61
2604,0.090379578,0.452115694,2290.13
2605,0.081511834,0.399069278,2208.28
2606,0.099474153,0.292535576,2102.01
2607,0.163146921,0.176935111,1993.32
2608,0.356369138,0.174542774,1939.23
2609,0.48499884,0.135331006,1962.48
2610,0.598877731,0.06121728,1961.52
2611,0.639869017,0.00268492,1952.85
2612,0.606434107,0,1927.82
2613,0.548725744,0,1893.92
2614,0.656837089,0,1727.55
2615,0.623737718,0,1540.8
2616,0.615202624,0,1436.18
2617,0.609551648,0,1341.63
2618,0.62116717,0,1310.11
2619,0.690108367,0,1315.12
2620,0.678595097,0,1360.91
2621,0.687928723,0,1475.65
2622,0.673112667,0.003828785,1681.36
2623,0.671290789,0.021415673,1957.27
2624,0.61374319,0.060719999,2162.35
2625,0.456837875,0.142925425,2253.76
2626,0.350116711,0.195497975,2351.44
2627,0.243860865,0.263435687,2316.45
2628,0.132948751,0.365302983,2323.69
2629,0.015213208,0.45871209,2232.69
2630,0.019528341,0.61139487,2108.87
2631,0.048802016,0.653355988,2015.54
2632,0.077694497,0.640469404,1974.25
2633,0.057266512,0.679460917,2005.89
2634,0.186877847,0.307637414,1989.51
2635,0.318771227,0.022622568,1954.28
2636,0.43509778,0,1956.17
2637,0.50736914,0,1904.66
2638,0.459200572,0,1683.94
2639,0.623930203,0,1495.32
2640,0.657019353,0,1390.74
2641,0.781320525,0,1268.08
2642,0.800207202,0,1224.39
2643,0.791570506,0,1232.64
2644,0.798341953,0,1244.97
2645,0.797052595,0,1265.99
2646,0.797180001,0.047775822,1341.01
2647,0.800384838,0.375869111,1406.45
2648,0.793479702,0.709130668,1539.82
2649,0.780862433,0.655056378,1605.77
2650,0.751024896,0.757900778,1620.29
2651,0.781568858,0.905353986,1645.99
2652,0.778005661,0.96664208,1655.88
2653,0.789081125,0.989746236,1653.03
2654,0.803788166,0.996249563,1701.58
2655,0.805604559,0.997536062,1758.02
2656,0.805284496,0.991510974,1787.27
2657,0.805058796,0.902397062,1881.12
2658,0.805292471,0.483002685,1911.89
2659,0.785675478,0.050498771,1877.75
2660,0.782244844,0,1920.67
2661,0.795630034,0,1906.91
2662,0.765226213,0,1691.24
2663,0.698308059,0,1440.02
2664,0.668239046,0,1325.12
2665,0.632346883,0,1184.23
2666,0.58686049,0,1147.76
2667,0.450236568,0,1143.54
2668,0.375556123,0,1151.92
2669,0.31786165,0,1213.55
2670,0.272677421,0.100513056,1169.65
2671,0.273272572,0.476047198,1234.77
2672,0.168673926,0.38254084,1412.9
2673,0.166769357,0.575246475,1540.32
2674,0.14084115,0.774786872,1555.05
2675,0.14114592,0.655667557,1559.51
2676,0.102310597,0.574543585,1595.73
2677,0.115353352,0.469536409,1643.27
2678,0.226270389,0.363807821,1689.95
2679,0.275881109,0.37375009,1723.77
2680,0.306826703,0.481830704,1748.51
2681,0.301988406,0.396654885,1757.57
2682,0.259217773,0.090887719,1771.04
2683,0.232577804,0.007788065,1735.99
2684,0.197316177,0,1766.54
2685,0.235397974,0,1716.31
2686,0.326415195,0,1508.2
2687,0.378774241,0,1290.31
2688,0.406675809,0,1172.95
2689,0.40670098,0,1244.7
2690,0.506577061,0,1257.61
2691,0.674612531,0,1275.6
2692,0.69999942,0,1347.33
2693,0.783768993,0,1451.21
2694,0.798795016,0.002976101,1663.69
2695,0.803929163,0.02602045,1964.95
2696,0.80390819,0.043249452,2219.31
2697,0.805493354,0.050830782,2384.79
2698,0.805282147,0.120500465,2463.02
2699,0.805852851,0.106589665,2509.31
2700,0.805408182,0.126127002,2532.71
2701,0.801354951,0.332457235,2491.41
2702,0.795549139,0.31920934,2425.81
2703,0.783250834,0.219627301,2326.82
2704,0.768644678,0.079663,2249.11
2705,0.765633083,0.099120186,2222.49
2706,0.763770018,0.187256658,2135.91
2707,0.769041722,0.016315441,2083.21
2708,0.768771979,0,2035.65
2709,0.782776967,0,1954.38
2710,0.796409575,0,1722.92
2711,0.80060959,0,1496.29
2712,0.80254761,0,1393.7
2713,0.79279553,0,1308.06
2714,0.790958151,0,1274.44
2715,0.796365773,0,1282.33
2716,0.79854529,0,1352.97
2717,0.772669436,0,1452.17
2718,0.747817962,0.073967184,1657.76
2719,0.696865703,0.282936321,1986.04
2720,0.585118484,0.362945901,2247.09
2721,0.28625521,0.3675602,2431.86
2722,0.137800952,0.37566914,2515.66
2723,0.128807039,0.791033333,2576.42
2724,0.114131235,0.870594171,2598.85
2725,0.097961927,0.706824426,2525.9
2726,0.132302358,0.442414293,2401.32
2727,0.206631002,0.584829741,2296.12
2728,0.284020991,0.198539376,2219.67
2729,0.424163247,0.30097441,2210.31
2730,0.46940223,0.112627162,2130.8
2731,0.504051511,0.00774984,2059.44
2732,0.414867471,0,2062.52
2733,0.173149838,0,1984.41
2734,0.178485456,0,1753.9
2735,0.1627615,0,1512.41
2736,0.105134267,0,1402.3
2737,0.061801517,0,1330.1
2738,0.012737495,0,1286.7
2739,0.002105591,0,1295.29
2740,0.027600655,0,1365.32
2741,0.067880038,0,1471.1
2742,0.123799642,0.029926177,1697.56
2743,0.140468675,0.041790203,1995.01
2744,0.099893033,0.076011317,2201.64
2745,0.083163607,0.131570865,2313.78
2746,0.036835874,0.203731588,2363
2747,0.03508964,0.31242282,2381.23
2748,0.056523893,0.54041874,2386.31
2749,0.084186226,0.676009261,2307.56
2750,0.115863638,0.850769223,2194.97
2751,0.170868208,0.868924874,2073.98
2752,0.160509039,0.834377762,2005.68
2753,0.201779008,0.54434841,2008.4
2754,0.289835707,0.227403318,1986.41
2755,0.30348336,0.020155943,1996.14
2756,0.335481316,0,1990.72
2757,0.414674946,0,1983.51
2758,0.366620831,0,1766.26
2759,0.309360229,0,1543.65
2760,0.357625212,0,1395.21
2761,0.570597476,0,1323.89
2762,0.612303083,0,1285.18
2763,0.622385907,0,1301.46
2764,0.699912109,0,1381.98
2765,0.758329259,0,1482.91
2766,0.760334508,0.090009758,1727.94
2767,0.782678748,0.496839429,2039.67
2768,0.790494201,0.766558022,2281.1
2769,0.777987461,0.865334035,2433.97
2770,0.775751661,0.907989227,2493.42
2771,0.777749955,0.905896322,2522.92
2772,0.772338128,0.899393387,2580.5
2773,0.782142743,0.904879244,2533.34
2774,0.793812728,0.914204828,2438.36
2775,0.795816044,0.919088056,2414.74
2776,0.80058341,0.785559793,2422.2
2777,0.803575198,0.692754292,2492.66
2778,0.805802375,0.431839671,2497.92
2779,0.805886671,0.051669337,2361.84
2780,0.805886671,0,2291.21
2781,0.805886671,0,2175.9
2782,0.805886671,0,1896.43
2783,0.805886671,0,1615.19
2784,0.803164941,0,1454.39
2785,0.803265581,0,1375.87
2786,0.804076488,0,1333.81
2787,0.801386136,0,1329.39
2788,0.795650623,0,1391.12
2789,0.765910025,0,1503.93
2790,0.771795146,0.037101725,1705.76
2791,0.769889029,0.153262082,2023.71
2792,0.735052211,0.473852943,2219.05
2793,0.758972723,0.633849637,2313.07
2794,0.67648959,0.696740314,2368.33
2795,0.670377066,0.612113709,2358.73
2796,0.693965902,0.584708433,2331.11
2797,0.773460099,0.663652713,2257.07
2798,0.77031126,0.605860599,2132.78
2799,0.791875466,0.585543135,2039.51
2800,0.805280246,0.51878654,1981.21
2801,0.805886671,0.3500021,1990.07
2802,0.805886671,0.243165058,1978.92
2803,0.805886671,0.025349537,1999.95
2804,0.805886671,0,1973.37
2805,0.805886671,0,1920.44
2806,0.792724185,0,1718.71
2807,0.792724154,0,1525.25
2808,0.792365254,0,1400.62
2809,0.792365254,0,1262.58
2810,0.792622382,0,1208.25
2811,0.746951908,0,1212.39
2812,0.699732681,0,1243.89
2813,0.629547207,0,1275.08
2814,0.557225043,0.014885056,1331.57
2815,0.546280361,0.068974243,1444.66
2816,0.544336245,0.226451567,1582.02
2817,0.546023927,0.289036569,1638.54
2818,0.526307645,0.490517051,1703.87
2819,0.525110472,0.471270275,1772.19
2820,0.471902767,0.441383186,1800.16
2821,0.377730502,0.238036321,1833.61
2822,0.397672196,0.117551081,1874.21
2823,0.42141497,0.426461579,1934
2824,0.389710755,0.510767332,2000.26
2825,0.504023664,0.308151219,1989.39
2826,0.602087179,0.148568176,2002.73
2827,0.728959444,0.019912797,1954.71
2828,0.730655418,0,1976.14
2829,0.757615556,0,1904.26
2830,0.745866434,0,1693.21
2831,0.759436077,0,1457.82
2832,0.70888841,0,1327.37
2833,0.589655062,0,1190.53
2834,0.558003065,0,1163.81
2835,0.587473331,0,1138.98
2836,0.438914775,0,1147.63
2837,0.25699476,0,1215.2
2838,0.115896785,0.137186956,1172
2839,0.057094134,0.609984296,1247.87
2840,0.033626122,0.876923051,1388.87
2841,0.053355279,0.945920468,1457.23
2842,0.132565924,0.964306693,1434.36
2843,0.244678978,0.944589478,1489.16
2844,0.404142959,0.818535629,1565.12
2845,0.54842328,0.420641647,1549.14
2846,0.593286107,0.423795214,1537.78
2847,0.670131123,0.342887414,1557.11
2848,0.663891689,0.229148942,1537.5
2849,0.639365568,0.077798541,1519.72
2850,0.547669322,0.057154265,1530.2
2851,0.415605509,0.014243786,1566.82
2852,0.59308368,0,1651.73
2853,0.661326713,0,1659.22
2854,0.66563994,0,1478.3
2855,0.707775116,0,1276.65
2856,0.637753747,0,1179.99
2857,0.642819467,0,1278.26
2858,0.662299161,0,1288.12
2859,0.629015993,0,1310.67
2860,0.60095233,0,1368.5
2861,0.565535713,0,1466.86
2862,0.495881561,0.02074737,1672.92
2863,0.421269918,0.062526682,1958.48
2864,0.320623696,0.173728739,2185.42
2865,0.304590415,0.444500415,2300.91
2866,0.308594131,0.613946722,2382.73
2867,0.258657674,0.742697083,2341.07
2868,0.23634403,0.491548401,2310.89
2869,0.203525328,0.732934242,2230.35
2870,0.185569456,0.955898407,2118.56
2871,0.230276812,0.972797734,2018.19
2872,0.225438924,0.955366268,1956.09
2873,0.212833094,0.878076981,1971.2
2874,0.205728086,0.527375369,1961.29
2875,0.159082808,0.078968231,1924.03
2876,0.204859726,0,1952.72
2877,0.248274669,0,1906.67
2878,0.374632926,0,1686.87
2879,0.53854404,0,1487.27
2880,0.582511564,0,1381.62
2881,0.606050914,0,1318.09
2882,0.631391892,0,1293.76
2883,0.700446259,0,1297.03
2884,0.655589391,0,1366.91
2885,0.614037785,0,1477.4
2886,0.584609811,0.154592356,1672.68
2887,0.509873887,0.659674829,1985.77
2888,0.348557058,0.931792062,2224.79
2889,0.273566595,0.984377308,2406.08
2890,0.227149223,0.986555083,2500.69
2891,0.154509632,0.954354717,2587.89
2892,0.105696211,0.85217171,2640.69
2893,0.078382339,0.869574406,2638.22
2894,0.060571929,0.876429721,2604.32
2895,0.127613112,0.711380353,2632.51
2896,0.24535106,0.583338752,2654.9
2897,0.327994211,0.506670299,2697.61
2898,0.36399045,0.305462693,2709.46
2899,0.336831843,0.03992785,2552.66
2900,0.404634007,0,2427.16
2901,0.391815437,0,2333.4
2902,0.343775173,0,2058.68
2903,0.301005882,0,1774.74
2904,0.232292863,0,1619.35
2905,0.179356845,0,1527.38
2906,0.132734795,0,1477.98
2907,0.098157091,0,1455.49
2908,0.080336163,0,1503.62
2909,0.071805985,0,1580.73
2910,0.072677033,0.007635102,1816.48
2911,0.088501309,0.050773142,2259.01
2912,0.045561906,0.124570029,2578.49
2913,0.061104517,0.208863272,2869.85
2914,0.088976068,0.182510355,3141.76
2915,0.119148466,0.180996829,3330.33
2916,0.148106721,0.231586686,3442.68
2917,0.213625967,0.390525136,3492.24
2918,0.282517725,0.601569752,3408.68
2919,0.347383665,0.545374205,3415.48
2920,0.367847458,0.575906183,3450.94
2921,0.395965504,0.418574202,3403.72
2922,0.41144705,0.186975826,3305.31
2923,0.435103172,0.01977242,3047.3
2924,0.558040851,0,2845.56
2925,0.512903989,0,2683.21
2926,0.530909519,0,2397.4
2927,0.512595756,0,2156.21
2928,0.468844793,0,1928.73
2929,0.392153262,0,1781.58
2930,0.297896465,0,1677.62
2931,0.164920964,0,1656.28
2932,0.110473779,0,1677.48
2933,0.091339946,0,1784.74
2934,0.069577123,0.035514826,2063.8
2935,0.094260052,0.34819118,2500.86
2936,0.066914395,0.666823881,2869.24
2937,0.095075039,0.669898105,3144.96
2938,0.144871791,0.685589607,3389.61
2939,0.238307081,0.709137386,3607.22
2940,0.339366492,0.770330012,3815.04
2941,0.478277482,0.788892149,3804.95
2942,0.478065876,0.789679895,3760.75
2943,0.544242952,0.7129329,3760.8
2944,0.600962541,0.581853681,3724.85
2945,0.622930065,0.61869816,3696.97
2946,0.6752871,0.272645968,3496.16
2947,0.742061492,0.028783859,3085.08
2948,0.763016822,0,2744.92
2949,0.777206431,0,2648.47
2950,0.780821862,0,2407.86
2951,0.777351082,0,2099.95
2952,0.773551346,0,1910.94
2953,0.770521782,0,1787.44
2954,0.768534964,0,1716.94
2955,0.730399642,0,1714.7
2956,0.65853477,0,1752.35
2957,0.650923805,0,1857.91
2958,0.619262571,0.05277024,2163.91
2959,0.49990742,0.126386836,2597.76
2960,0.376567505,0.087901883,2851.13
2961,0.310054365,0.143355166,2982.38
2962,0.214659995,0.271361664,3079.41
2963,0.181666146,0.245494834,3138.25
2964,0.292142225,0.281765768,3130.94
2965,0.499299641,0.234257085,3149.54
2966,0.679119554,0.270969361,3175.89
2967,0.568195076,0.165828944,3181.38
2968,0.525966645,0.058083297,3186.87
2969,0.516855776,0.049978839,3147.03
2970,0.473713177,0.035922616,3042.04
2971,0.367858895,0.004889424,2879.95
2972,0.326854191,0,2838.74
2973,0.408296427,0,2762.08
2974,0.50409127,0,2493.55
2975,0.635470462,0,2226.73
2976,0.718796027,0,1951.22
2977,0.73373343,0,1747.53
2978,0.71803774,0,1604.71
2979,0.70745677,0,1539.85
2980,0.717591557,0,1490.86
2981,0.725261895,0.000231697,1464.92
2982,0.736764406,0.105834203,1470.37
2983,0.71520186,0.535665339,1608.22
2984,0.725892235,0.928357464,1761.45
2985,0.758092826,0.996933673,1878.35
2986,0.762300213,0.87196978,1943.61
2987,0.770616269,0.990909308,2025.92
2988,0.786279878,0.980742092,2138.97
2989,0.79075711,0.991762536,2240.55
2990,0.793782005,0.955544014,2275.81
2991,0.797827286,0.997523132,2328.37
2992,0.800695755,0.990375127,2289.85
2993,0.80295827,0.922543819,2225.58
2994,0.798067168,0.58806462,2207.74
2995,0.781724608,0.107558256,2170.13
2996,0.777160239,0,2235.38
2997,0.786646263,0,2194.45
2998,0.777497954,0,1966.98
2999,0.712287694,0,1695.04
3000,0.684388756,0,1537.78
3001,0.67498902,0,1369.68
3002,0.670232102,0,1319.05
3003,0.6985093,0,1275.89
3004,0.704014984,0,1256.54
3005,0.697006044,0.001389755,1317.51
3006,0.638683548,0.167375613,1258.15
3007,0.475134692,0.657681354,1356.25
3008,0.204215596,0.875973207,1476.94
3009,0.175653738,0.932607695,1545.41
3010,0.185818219,0.948142081,1526.28
3011,0.347960027,0.963846156,1522.88
3012,0.523330336,0.956555759,1511.15
3013,0.6081802,0.941420214,1532.4
3014,0.637657896,0.853450713,1561.14
3015,0.671392477,0.660518908,1556.69
3016,0.695301579,0.852259177,1526.34
3017,0.698237652,0.735134942,1525.25
3018,0.706049416,0.399254134,1571.2
3019,0.687901952,0.065923137,1585.33
3020,0.73594959,0,1677.9
3021,0.751333073,0,1677.8
3022,0.777360641,0,1513.38
3023,0.780657685,0,1315.16
3024,0.779345373,0,1216.39
3025,0.767208828,0,1300.77
3026,0.743364778,0,1312.95
3027,0.687183769,0,1323.92
3028,0.618034014,0,1369.77
3029,0.569786914,0.000602834,1494.86
3030,0.610634387,0.130247443,1728.09
3031,0.391454136,0.571560982,2061.54
3032,0.123014109,0.872761861,2287.82
3033,0.074762098,0.942235685,2432.61
3034,0.09690205,0.953968954,2565.46
3035,0.149609029,0.911722889,2682.1
3036,0.199962574,0.778399149,2759.56
3037,0.256834072,0.556492698,2758.2
3038,0.385033341,0.642097514,2713.28
3039,0.370746665,0.392321282,2694.8
3040,0.45330118,0.206681138,2585.69
3041,0.497623253,0.558372323,2500.02
3042,0.435031476,0.495851308,2359.24
3043,0.323220107,0.082203731,2258.4
3044,0.311118649,0,2179.54
3045,0.154260566,0,2104.31
3046,0.011966237,0,1859.68
3047,0.022153626,0,1610.26
3048,0.149881354,0,1452.85
3049,0.307093707,0,1383.97
3050,0.44028181,0,1320.01
3051,0.443833039,0,1327.54
3052,0.497547359,0,1370.22
3053,0.500319548,0.003443926,1494.38
3054,0.490147625,0.210654591,1721.19
3055,0.393143494,0.718615292,2101.09
3056,0.238284819,0.943144798,2372.34
3057,0.216414294,0.985491193,2554.18
3058,0.207925534,0.983267866,2674.7
3059,0.169282322,0.962784495,2756.91
3060,0.150977727,0.94409681,2877.79
3061,0.142655265,0.931672641,2872.42
3062,0.174458481,0.709119778,2755.37
3063,0.210792125,0.477578692,2690.3
3064,0.14795604,0.336995711,2664.85
3065,0.189625757,0.261448507,2685.02
3066,0.103400781,0.07014636,2587.08
3067,0.076866893,0.013204305,2375.27
3068,0.080608849,0,2244.76
3069,0.100550701,0,2156.89
3070,0.101857621,0,1914.93
3071,0.063893391,0,1638.13
3072,0.061906657,0,1473.36
3073,0.06608457,0,1393.22
3074,0.057642713,0,1337.95
3075,0.093806848,0,1336.78
3076,0.206462949,0,1389.09
3077,0.421361775,0.00284274,1503.19
3078,0.594081584,0.055733795,1745.74
3079,0.533376815,0.294883559,2133.82
3080,0.447874894,0.851838177,2434.55
3081,0.443320373,0.994526849,2661.37
3082,0.540651587,0.995832599,2823.25
3083,0.596736426,0.98019649,2914.03
3084,0.653035281,0.962489211,3002.29
3085,0.699077557,0.971571272,2925.55
3086,0.702546127,0.98083169,2702.99
3087,0.739598179,0.988319488,2696.49
3088,0.762986735,0.97352565,2709.89
3089,0.778807972,0.906620455,2689.69
3090,0.790640557,0.608646319,2518.48
3091,0.777009126,0.129913735,2396.25
3092,0.798830702,0,2267.47
3093,0.777960027,0,2111.66
3094,0.771457457,0,1888.61
3095,0.782543765,0,1627.91
3096,0.796752441,0,1463.06
3097,0.797994336,0,1374.23
3098,0.80110433,0,1336.02
3099,0.789760091,0,1348.38
3100,0.775373298,0,1400.21
3101,0.798360907,0.002896221,1507.26
3102,0.80077339,0.182243747,1742.71
3103,0.79094983,0.693896704,2133.87
3104,0.763779602,0.935144314,2398.97
3105,0.759129255,0.994891644,2561.28
3106,0.758297386,0.995373107,2662.95
3107,0.751708383,0.984617597,2697.43
3108,0.75915326,0.968504778,2651.9
3109,0.739886398,0.96486494,2549.78
3110,0.748851523,0.972161769,2419.28
3111,0.768849092,0.972982482,2368.66
3112,0.753279853,0.949363318,2389.53
3113,0.730684714,0.877036675,2411.45
3114,0.728104909,0.577205124,2361.05
3115,0.680259669,0.116529151,2257.75
3116,0.669442352,0,2189.1
3117,0.691449743,0,2106.75
3118,0.681706756,0,1896.52
3119,0.653299299,0,1667.4
3120,0.692526351,0,1516.5
3121,0.719168322,0,1423.7
3122,0.695562341,0,1369.85
3123,0.697549647,0,1384.72
3124,0.675668839,0,1432.88
3125,0.597315676,0.004877682,1555.49
3126,0.65815496,0.162476514,1801.24
3127,0.685602872,0.520651995,2217.98
3128,0.712219236,0.54429804,2407.21
3129,0.67044179,0.508069298,2581.07
3130,0.647981838,0.305892845,2608.8
3131,0.646846393,0.433613117,2623.42
3132,0.634531358,0.618137956,2683.53
3133,0.632272228,0.916616314,2655.57
3134,0.583704983,0.958982051,2608.87
3135,0.606213469,0.958025868,2601.62
3136,0.707381828,0.929418167,2657.88
3137,0.634954876,0.726923636,2656.46
3138,0.489377816,0.242857876,2540.78
3139,0.445336969,0.058715747,2409.39
3140,0.477695367,0,2328.32
3141,0.418802172,0,2250.06
3142,0.401257125,0,1965.35
3143,0.39160804,0,1703.97
3144,0.597204184,0,1562.28
3145,0.722149793,0,1406.07
3146,0.728306182,0,1314.87
3147,0.712785234,0,1302.03
3148,0.707311035,0,1286.42
3149,0.687662159,0.004320776,1312.59
3150,0.651843048,0.089283497,1336.06
3151,0.655038266,0.306855698,1447.74
3152,0.522598511,0.826553216,1572.5
3153,0.391213665,0.951506604,1591.87
3154,0.294340496,0.959100295,1613.52
3155,0.276259538,0.951846455,1623.27
3156,0.250998072,0.938703821,1642.62
3157,0.259708998,0.937653484,1643.59
3158,0.211453898,0.947449362,1625.88
3159,0.187363829,0.948177777,1637.46
3160,0.20428169,0.920975268,1636.89
3161,0.225065173,0.835928006,1695.59
3162,0.241991468,0.537751693,1716.08
3163,0.25579053,0.10626066,1710.2
3164,0.307968687,0,1832.02
3165,0.326873098,0,1840.53
3166,0.292987221,0,1658.9
3167,0.251616942,0,1443.4
3168,0.224611162,0,1318.05
3169,0.146118353,0,1174.51
3170,0.076166496,0,1145.15
3171,0.019249534,0,1132.85
3172,0.034358091,0,1141.77
3173,0.057443607,0.00077853,1204.88
3174,0.048038105,0.040433431,1146.79
3175,0.026481128,0.110863968,1254.07
3176,0.004783575,0.249264821,1383.85
3177,0.000654516,0.375884071,1473.01
3178,0.003368869,0.451359027,1440.46
3179,0.02665862,0.387187649,1418.53
3180,0.033510369,0.377288991,1449.48
3181,0.088790748,0.526653703,1405.83
3182,0.126163869,0.528397266,1412.87
3183,0.211325275,0.662419752,1373.64
3184,0.180470437,0.731212364,1373.54
3185,0.206360005,0.682349704,1434.42
3186,0.247741593,0.436901247,1476.8
3187,0.218003526,0.083658548,1499.68
3188,0.241909922,0,1616.06
3189,0.198942817,0,1596.55
3190,0.203987472,0,1473.53
3191,0.210294636,0,1273.9
3192,0.166167178,0,1172.79
3193,0.16748409,0,1264.02
3194,0.121308034,0,1288.17
3195,0.107947307,0,1297
3196,0.143603796,0,1367.99
3197,0.160114692,0.005452418,1482.12
3198,0.197454006,0.106980181,1680.95
3199,0.173076377,0.146169004,2003.27
3200,0.1619854,0.13163499,2197.93
3201,0.147916224,0.268038662,2319.54
3202,0.145218758,0.481567757,2409.8
3203,0.186240452,0.489146672,2467.55
3204,0.246627234,0.370864375,2537.77
3205,0.297877956,0.261670906,2483.29
3206,0.298155894,0.176346881,2440.83
3207,0.280675994,0.1807273,2475.49
3208,0.346983777,0.154224605,2473.5
3209,0.312566728,0.169546116,2526.02
3210,0.25661353,0.150403033,2425.11
3211,0.223855948,0.034845357,2265.72
3212,0.250477952,0,2178.22
3213,0.314887553,0,2097.44
3214,0.364988262,0,1884.17
3215,0.363774174,0,1647.15
3216,0.317966,0,1495.1
3217,0.314365851,0,1405.43
3218,0.355921576,0,1367.34
3219,0.407341132,0,1375.16
3220,0.436402327,0,1443.15
3221,0.580300457,0,1538.77
3222,0.611770217,0.003252071,1783.82
3223,0.677608918,0.04468905,2202.51
3224,0.75273739,0.116313129,2522.83
3225,0.7660356,0.136006733,2791.98
3226,0.781623284,0.167283434,2970.32
3227,0.780236258,0.299324777,2946.12
3228,0.764763334,0.236877832,2702.04
3229,0.74395776,0.382696319,2627.93
3230,0.69052792,0.488275925,2494.67
3231,0.726109828,0.551858992,2499.69
3232,0.717738847,0.553510229,2475.88
3233,0.733575577,0.316729761,2316.75
3234,0.767187783,0.184536087,2328.7
3235,0.75033507,0.048867986,2247.21
3236,0.759049002,0,2240.59
3237,0.751722325,0,2184.63
3238,0.725501466,0,1954.25
3239,0.670696202,0,1707.52
3240,0.458851882,0,1536.79
3241,0.253885235,0,1450.77
3242,0.152865768,0,1399.51
3243,0.129919759,0,1407.93
3244,0.20434507,0,1454.79
3245,0.5732297,2.31E-05,1539
3246,0.659246072,0.016919347,1771.21
3247,0.667177715,0.031402624,2151.04
3248,0.686911625,0.061825325,2329.03
3249,0.67873612,0.132389471,2437.22
3250,0.639830897,0.286982291,2482.57
3251,0.593246831,0.279552285,2484.69
3252,0.595350163,0.310680331,2473.72
3253,0.574057585,0.332275469,2382.42
3254,0.584328687,0.244900557,2235.58
3255,0.571622966,0.213042295,2107.81
3256,0.613494148,0.178189005,2062.64
3257,0.650223172,0.246828255,2065.82
3258,0.640406166,0.275588257,2035.79
3259,0.642160847,0.056630876,1993.28
3260,0.653755974,0,1988.87
3261,0.64469826,0,1936.6
3262,0.611944325,0,1726.99
3263,0.621780041,0,1529.97
3264,0.622273799,0,1427.66
3265,0.688347787,0,1335.56
3266,0.688129689,0,1303.61
3267,0.71121025,0,1317.32
3268,0.7310898,0,1380.14
3269,0.751491204,0.000452555,1475.89
3270,0.760187007,0.018823304,1704.56
3271,0.7782582,0.041168733,2051.96
3272,0.780874431,0.136541465,2253.98
3273,0.738437113,0.24191682,2401.88
3274,0.688529869,0.422507028,2446.74
3275,0.744232038,0.457961167,2472.87
3276,0.737939286,0.318837764,2501.13
3277,0.694583223,0.350628389,2463.45
3278,0.639383561,0.470432399,2406.13
3279,0.721078947,0.419077226,2426.26
3280,0.662037548,0.4036858,2478.06
3281,0.730621523,0.491698954,2500.4
3282,0.711517423,0.288767991,2454.31
3283,0.702523527,0.052185316,2344.28
3284,0.729754742,0,2285.89
3285,0.735669416,0,2220.08
3286,0.728465127,0,2013.84
3287,0.752201981,0,1764.86
3288,0.755741868,0,1635.1
3289,0.758077225,0,1508.92
3290,0.734916244,0,1452.86
3291,0.768049817,0,1450.05
3292,0.76768707,0,1494.98
3293,0.757607198,0.0021225,1592.82
3294,0.781457767,0.121545612,1826.12
3295,0.79353026,0.358067631,2160.91
3296,0.791046677,0.200964851,2314.74
3297,0.781163166,0.221825722,2414.53
3298,0.744518668,0.510992085,2456.09
3299,0.753775058,0.641318632,2463.77
3300,0.765864877,0.696977902,2476.62
3301,0.776319991,0.421987069,2401.44
3302,0.773523932,0.175337553,2281.86
3303,0.789213499,0.106139278,2233.85
3304,0.766222063,0.128945036,2245.38
3305,0.781062927,0.093449553,2183.69
3306,0.787191978,0.077934069,2139.21
3307,0.795494815,0.028510887,2071.29
3308,0.793076618,0,2034.8
3309,0.78982939,0,1984.7
3310,0.692496584,0,1754.7
3311,0.68257379,0,1534.95
3312,0.664790065,0,1418.53
3313,0.646683653,0,1284.09
3314,0.605960977,0,1216.45
3315,0.536560556,0,1216.66
3316,0.428410908,0,1235.09
3317,0.294328001,0.008856573,1249.12
3318,0.239261038,0.162236732,1304.84
3319,0.234790344,0.152443403,1420.05
3320,0.187828847,0.148368308,1528.15
3321,0.099379895,0.200943052,1562.95
3322,0.119672869,0.439186285,1567.1
3323,0.091136753,0.669372799,1579.03
3324,0.174518842,0.772871535,1612.58
3325,0.127049732,0.725132802,1604.18
3326,0.134022744,0.521959886,1608.56
3327,0.148520529,0.362598612,1590.29
3328,0.161793515,0.476780292,1615
3329,0.194393574,0.237470534,1664.79
3330,0.195788699,0.143791448,1750.56
3331,0.230204756,0.087400337,1727.65
3332,0.250666459,0,1807.9
3333,0.280598986,0,1825.08
3334,0.273534194,0,1645.79
3335,0.326006834,0,1442.65
3336,0.222248496,0,1326.66
3337,0.192055145,0,1191.55
3338,0.105507782,0,1165
3339,0.058859843,0,1152.49
3340,0.040434638,0,1166
3341,0.026471335,0.007779588,1228.92
3342,0.018393203,0.174048094,1214.42
3343,0.003423564,0.475395179,1354.95
3344,0,0.613251537,1533.56
3345,0,0.462576978,1630.95
3346,3.33E-06,0.344957906,1684.97
3347,0.000880118,0.364991634,1759.01
3348,0.001882137,0.500255162,1928.48
3349,0.033495602,0.362215888,2044.28
3350,0.07580771,0.280843379,2087.39
3351,0.124635523,0.256406146,2189.43
3352,0.157045669,0.418900922,2235.36
3353,0.128330662,0.361905765,2210.3
3354,0.114274371,0.26459886,2265.82
3355,0.093741046,0.060553255,2186.74
3356,0.045250018,0,2132.98
3357,0.038046444,0,2078.44
3358,0.02963041,0,1840.23
3359,0.00926081,0,1577.94
3360,0.000834177,0,1406.92
3361,0,0,1454.92
3362,6.05E-07,0,1425.83
3363,6.81E-05,0,1418.04
3364,0,0,1453.77
3365,0.001611509,0.010124306,1538.08
3366,0.012614444,0.230507981,1781.13
3367,0.018336001,0.654449319,2233.6
3368,0.011251766,0.843438548,2509.3
3369,0.006618394,0.899919829,2712.74
3370,0.001140975,0.914535229,2768.26
3371,0.001983232,0.861847757,2904.51
3372,0.004031425,0.661346473,3021.88
3373,0.019645362,0.683051541,2978.23
3374,0.056770806,0.763036908,2963.92
3375,0.084372464,0.612804999,2894.9
3376,0.076521261,0.576441161,2832.37
3377,0.055316497,0.274684934,2878.97
3378,0.063417295,0.30302322,2774.08
3379,0.039975853,0.154545848,2585.37
3380,0.041808745,0.00085953,2436.07
3381,0.014013357,0,2324.61
3382,0.027761427,0,2040.46
3383,0.107127866,0,1726.37
3384,0.246124807,0,1609.31
3385,0.246240217,0,1504.23
3386,0.158028892,0,1440.3
3387,0.102585393,0,1450.57
3388,0.085674196,0,1504.35
3389,0.119652106,0.000285848,1594.62
3390,0.110358562,0.012184088,1806.6
3391,0.13499982,0.025011155,2219.44
3392,0.204140871,0.063426047,2432.6
3393,0.276452123,0.07449204,2569.52
3394,0.241409829,0.134579024,2573.45
3395,0.275867962,0.190028121,2536.73
3396,0.218642131,0.33672749,2545.6
3397,0.167717028,0.351303241,2468.87
3398,0.170949262,0.286364523,2315.1
3399,0.21524034,0.18047727,2153.17
3400,0.318711237,0.13774512,2052.34
3401,0.295634776,0.087369548,2054.11
3402,0.242607184,0.072681418,2031.06
3403,0.262647346,0.029431858,1987.46
3404,0.318822578,0,1959.36
3405,0.323449234,0,1957.5
3406,0.234289306,0,1777.41
3407,0.273243488,0,1542.53
3408,0.263282058,0,1437.42
3409,0.293323869,0,1369.21
3410,0.296470622,0,1323.1
3411,0.319467574,0,1328.44
3412,0.389189263,0,1403.64
3413,0.426667277,0.005918533,1499.64
3414,0.445218577,0.034517898,1724.51
3415,0.489141349,0.036962773,2088.59
3416,0.567836578,0.105073644,2340.29
3417,0.541168395,0.117654385,2544.59
3418,0.551836281,0.191728575,2662.66
3419,0.617760125,0.127420757,2765.69
3420,0.68750954,0.098954039,2768.11
3421,0.748659553,0.155653292,2749.72
3422,0.752509842,0.202279179,2795.97
3423,0.740472879,0.174828725,2851.96
3424,0.794682839,0.150593577,2909.34
3425,0.804305548,0.167127489,3021.3
3426,0.803988795,0.137858122,2989.13
3427,0.805514585,0.034797354,2842.4
3428,0.80548175,0,2685.15
3429,0.805830697,0,2555.41
3430,0.803587276,0,2287.88
3431,0.785243935,0,1979.85
3432,0.785585787,0,1767.29
3433,0.773502127,0,1630.83
3434,0.759582048,0,1541.27
3435,0.759094797,0,1523.86
3436,0.763285495,0,1556.68
3437,0.727698527,0.003634647,1625.18
3438,0.710718051,0.106797358,1879.7
3439,0.675975388,0.352631606,2309.1
3440,0.604210562,0.389223683,2648.12
3441,0.540030877,0.520146999,2880.82
3442,0.48854098,0.529249514,3033.33
3443,0.510779014,0.519215039,3144.05
3444,0.499411229,0.702644069,3230.09
3445,0.469048883,0.605519505,3230.07
3446,0.572891673,0.661579465,3174.69
3447,0.598403017,0.580126525,3156.05
3448,0.503085527,0.673667897,3183.85
3449,0.420456724,0.752582394,3186.45
3450,0.223572884,0.517646266,3090.92
3451,0.06707791,0.131256431,2841.5
3452,0.303306274,0.001484836,2675.04
3453,0.468194031,0,2566.65
3454,0.647726675,0,2308.88
3455,0.654252696,0,1982.83
3456,0.411255568,0,1771.93
3457,0.381988517,0,1629.93
3458,0.399169261,0,1552.72
3459,0.511643463,0,1536.58
3460,0.563173235,0,1566.6
3461,0.509469041,0.014925502,1650.67
3462,0.459250325,0.229526692,1921.45
3463,0.312274467,0.689274921,2362.78
3464,0.103884083,0.821474809,2707.57
3465,0.049429979,0.881790146,2989.82
3466,0.017160168,0.90298171,3223.75
3467,0.002776038,0.910325083,3393.71
3468,0.001027125,0.901746231,3493.21
3469,0.007658717,0.903032039,3480.51
3470,0.042105229,0.905846973,3432.22
3471,0.073918047,0.902079253,3436.54
3472,0.085475939,0.869291698,3411.57
3473,0.13451502,0.775549729,3377.44
3474,0.152087347,0.525783462,3349.69
3475,0.191535809,0.133423904,3187.19
3476,0.28700348,0.001966243,2975.25
3477,0.331043342,0,2778.38
3478,0.37070412,0,2492.12
3479,0.430680092,0,2261.7
3480,0.406441363,0,2054.21
3481,0.427095358,0,1842.58
3482,0.267314614,0,1727.79
3483,0.113170008,0,1692.61
3484,0.138067237,0,1688.02
3485,0.173667799,0.009974911,1700.85
3486,0.17594388,0.187001588,1836.73
3487,0.272933829,0.415340555,2093.79
3488,0.278606704,0.726334587,2379.58
3489,0.242106394,0.843663748,2547.65
3490,0.403530789,0.833457521,2778.27
3491,0.36060722,0.587700264,2866.17
3492,0.346590985,0.674037973,2979.66
3493,0.416558548,0.78658926,3073.41
3494,0.427748941,0.717392037,3116.68
3495,0.504610623,0.524079492,3116.88
3496,0.55626709,0.495444501,3081.41
3497,0.639155944,0.517572131,3086.64
3498,0.685384869,0.316660302,3088.24
3499,0.738088816,0.114196334,2930.39
3500,0.747922009,0.001000319,2892.67
3501,0.732128321,0,2828.18
3502,0.659123089,0,2532.77
3503,0.490963937,0,2279.16
3504,0.20504219,0,2073.18
3505,0.012122052,0,1883.37
3506,0.026483921,0,1821.05
3507,0.085941283,0,1680.9
3508,0.078410798,0,1585.6
3509,0.115097321,0.006198473,1581.44
3510,0.12404654,0.161281919,1462.66
3511,0.037629846,0.528925089,1523.56
3512,0.00291665,0.765002029,1615.22
3513,0.002289664,0.85596817,1635.34
3514,0.018395201,0.893415412,1603.77
3515,0.030550387,0.901671428,1642.03
3516,0.086493588,0.901193502,1635.58
3517,0.210736183,0.90142372,1557.06
3518,0.276527366,0.90001056,1485.54
3519,0.360136677,0.886556664,1457.19
3520,0.392008374,0.843708188,1467.09
3521,0.512582736,0.733054348,1537.18
3522,0.679820215,0.431698456,1558.9
3523,0.769871474,0.097474357,1580.79
3524,0.788378416,0.000526694,1661.77
3525,0.795322765,0,1667.32
3526,0.805575876,0,1532.43
3527,0.805634715,0,1331.97
3528,0.805618403,0,1195.49
3529,0.782527836,0,1281.25
3530,0.548842781,0,1291.64
3531,0.302605174,0,1311.07
3532,0.178854151,0,1383.03
3533,0.264685994,0.009497827,1474.97
3534,0.291838793,0.167189748,1714.25
3535,0.32787213,0.537751745,2041.24
3536,0.402333128,0.676827779,2250.63
3537,0.450993853,0.808745668,2345.76
3538,0.419297782,0.884560978,2410.97
3539,0.411677232,0.897878665,2459.65
3540,0.407476592,0.898427227,2521.66
3541,0.489698836,0.89376652,2516.2
3542,0.568407651,0.894776358,2442.79
3543,0.625021558,0.861365268,2358
3544,0.644392526,0.827861656,2378.11
3545,0.595723867,0.775288332,2406.01
3546,0.545058431,0.556995976,2343.95
3547,0.593422613,0.153222894,2216.48
3548,0.604769429,0.002384151,2130.52
3549,0.606798244,0,2072.8
3550,0.539776624,0,1893.14
3551,0.516571161,0,1659.35
3552,0.529063865,0,1507.34
3553,0.477623486,0,1442.03
3554,0.476405809,0,1413.36
3555,0.475647893,0,1418.85
3556,0.483004413,0,1477.54
3557,0.427930214,0.003791196,1566.35
3558,0.415996674,0.067562908,1814.24
3559,0.443263309,0.35522982,2228.23
3560,0.43600482,0.538641787,2524.33
3561,0.390284984,0.754143822,2803.17
3562,0.388689318,0.790508358,3038.85
3563,0.362673848,0.764345714,3213.73
3564,0.376903861,0.758312278,3467.69
3565,0.394475477,0.709943059,3517.56
3566,0.460238289,0.693779278,3411.44
3567,0.530977199,0.783149977,3427.49
3568,0.603724066,0.778280593,3420.39
3569,0.633577095,0.740725161,3392.8
3570,0.678525059,0.525617592,3298.52
3571,0.746908527,0.142690536,3105.29
3572,0.762878068,0.002319924,2893.87
3573,0.769542174,0,2754.29
3574,0.752049797,0,2445.94
3575,0.759720778,0,2144.77
3576,0.749825634,0,1961.32
3577,0.698395248,0,1798.34
3578,0.624505197,0,1689.18
3579,0.620314484,0,1643.23
3580,0.630315957,0,1652.04
3581,0.605940224,0.000696756,1729.39
3582,0.512481793,0.014643733,2008.58
3583,0.463026916,0.030878777,2399.75
3584,0.303094725,0.154326031,2583.74
3585,0.1996605,0.535290826,2705.72
3586,0.151820096,0.767206124,2771.04
3587,0.207046191,0.797779459,2857.45
3588,0.127801518,0.818207581,2995.15
3589,0.097593653,0.851005406,3068.58
3590,0.094515861,0.864154387,3055.57
3591,0.106953144,0.761858732,3015.55
3592,0.141692405,0.72104739,2973.92
3593,0.165212331,0.716401893,2935.53
3594,0.156490881,0.466066393,2839.64
3595,0.158648241,0.091687431,2571.01
3596,0.15688637,0.00251011,2374.91
3597,0.192225129,0,2285.12
3598,0.243446478,0,2082.58
3599,0.30692002,0,1819.02
3600,0.369844171,0,1647.74
3601,0.475466947,0,1533.24
3602,0.510172289,0,1476.96
3603,0.568097511,0,1464.48
3604,0.613152191,0,1503.41
3605,0.666639569,0.013660973,1598.92
3606,0.684370537,0.237993144,1851.39
3607,0.509303254,0.620521252,2201.57
3608,0.356047256,0.809195061,2397.75
3609,0.318224562,0.871415116,2561.29
3610,0.302919887,0.895070707,2663.05
3611,0.319158107,0.901791491,2686.81
3612,0.307031423,0.897040633,2675.63
3613,0.348472586,0.896073034,2582.43
3614,0.322452283,0.893448652,2437.28
3615,0.257221466,0.885430506,2365.35
3616,0.209750122,0.847861434,2334.21
3617,0.184520518,0.748145387,2341.19
3618,0.177855793,0.525114328,2286.29
3619,0.184823548,0.144245408,2202.73
3620,0.268423927,0.00302792,2195.24
3621,0.371424171,0,2158.9
3622,0.366764892,0,1940.08
3623,0.434203804,0,1701.84
3624,0.438929962,0,1560.04
3625,0.323945242,0,1464.51
3626,0.336735986,0,1433.25
3627,0.268826839,0,1447.03
3628,0.322342274,0,1497.92
3629,0.37084369,0.007851782,1601.88
3630,0.498218995,0.12005702,1836.66
3631,0.530663657,0.193440815,2218.86
3632,0.555311088,0.580141111,2417.72
3633,0.547329495,0.782901482,2554.51
3634,0.160905836,0.84631419,2702.57
3635,0.17900837,0.870510808,2900.74
3636,0.546111187,0.878694414,3083.79
3637,0.798582092,0.879868406,3183.65
3638,0.804921521,0.74953253,3122.05
3639,0.803747887,0.385461405,3018.14
3640,0.803541076,0.362317801,3072.48
3641,0.708234829,0.177819679,3125.92
3642,0.480585485,0.219322612,3015.22
3643,0.745562677,0.05360983,2817.04
3644,0.75713085,0.000746713,2643.15
3645,0.803966164,0,2508.32
3646,0.80463036,0,2288.84
3647,0.805261394,0,2077.36
3648,0.805882441,0,1861.27
3649,0.805301646,0,1695.31
3650,0.801971065,0,1594.54
3651,0.798784694,0,1576.31
3652,0.790110359,0,1557.11
3653,0.790331591,0.023699525,1563.08
3654,0.771277597,0.339142162,1656.72
3655,0.707563274,0.77680144,1903.68
3656,0.690209992,0.934097563,2183.28
3657,0.741333534,0.984652294,2399.33
3658,0.7678112,0.99362812,2557.72
3659,0.790924011,0.993439851,2713.79
3660,0.799905338,0.99201829,2860.62
3661,0.801364716,0.992439995,2878.17
3662,0.805071669,0.992115695,2909.24
3663,0.805514848,0.994357688,3029.71
3664,0.805811883,0.992209386,3008.58
3665,0.805292669,0.945251169,3003.8
3666,0.805797786,0.750090839,2971.34
3667,0.804514669,0.256065577,2819.16
3668,0.794160134,0.009637842,2780.19
3669,0.801677967,0,2700.53
3670,0.799227775,0,2399.77
3671,0.795040426,0,2038.82
3672,0.789680278,0,1828.07
3673,0.799477131,0,1575.03
3674,0.796792462,0,1447.31
3675,0.787354907,0,1374.91
3676,0.783381604,0,1349.59
3677,0.786644798,0.02629393,1362.53
3678,0.784104097,0.361992925,1275.54
3679,0.764916074,0.81899504,1346.37
3680,0.758191086,0.978737109,1500.73
3681,0.745410374,0.99734336,1580.55
3682,0.757956698,0.997536062,1530.72
3683,0.766834883,0.997536062,1522.65
3684,0.771004369,0.996967757,1520.59
3685,0.76932428,0.996031985,1544.22
3686,0.765496195,0.996853348,1521.87
3687,0.754344556,0.99647992,1540.79
3688,0.742606231,0.986081152,1551.59
3689,0.71332594,0.925298477,1612.33
3690,0.727449016,0.73676238,1686.32
3691,0.678602731,0.251366189,1648.63
3692,0.692025802,0.005955642,1635.34
3693,0.729888599,0,1667.03
3694,0.715687199,0,1507.2
3695,0.663379019,0,1283.88
3696,0.596900391,0,1182.7
3697,0.482077293,0,1267.61
3698,0.333649884,0,1296.82
3699,0.235691136,0,1293.12
3700,0.295864393,0,1361.99
3701,0.393931201,0.011475674,1444.56
3702,0.37943439,0.133638125,1660.58
3703,0.262586164,0.158012142,1986.25
3704,0.191955912,0.166170216,2171.75
3705,0.234099759,0.441116151,2323.6
3706,0.2816509,0.724347296,2417.22
3707,0.288181313,0.851876995,2443.52
3708,0.245420389,0.842041705,2462.2
3709,0.217568481,0.874456996,2463.45
3710,0.18684545,0.773949612,2438.44
3711,0.15740958,0.671904175,2412.56
3712,0.190341182,0.327553473,2474.78
3713,0.277965177,0.235678787,2543.92
3714,0.411372742,0.074527298,2495.48
3715,0.510530029,0.021728875,2343.96
3716,0.615155568,0.000592735,2206.67
3717,0.671966867,0,2114.08
3718,0.647195176,0,1920.82
3719,0.616115837,0,1675.93
3720,0.554144523,0,1499.56
3721,0.452951687,0,1419.31
3722,0.402635162,0,1364.49
3723,0.341853351,0,1363.59
3724,0.289641576,0,1412.61
3725,0.245776242,0.007045862,1502.85
3726,0.254118347,0.109433868,1764.07
3727,0.130947512,0.31973006,2176.99
3728,0.078076746,0.690978637,2490.18
3729,0.078636082,0.838628736,2689.67
3730,0.082576214,0.854997368,2777.08
3731,0.113004256,0.766911916,2784.14
3732,0.1228605,0.635316061,2850.69
3733,0.13683416,0.57827435,2814.7
3734,0.160222867,0.438983273,2598.78
3735,0.171574443,0.329093282,2490.89
3736,0.16917448,0.172876999,2453.4
3737,0.150745707,0.208590901,2524.49
3738,0.137745069,0.155149812,2546.94
3739,0.143664852,0.106857277,2449.45
3740,0.20094272,0.003651379,2289.25
3741,0.23925605,0,2158.98
3742,0.204447204,0,1936.63
3743,0.184324103,0,1694.68
3744,0.169238819,0,1529.36
3745,0.140828568,0,1436.64
3746,0.156706566,0,1369.38
3747,0.1774957,0,1368.61
3748,0.225863065,0,1430.69
3749,0.226431252,0.010409979,1508.92
3750,0.237360831,0.197538927,1712.82
3751,0.164952559,0.582877018,2068.1
3752,0.110655277,0.83643128,2297.4
3753,0.052584744,0.910316793,2433.02
3754,0.051804435,0.820610955,2533.6
3755,0.044500496,0.866279284,2614.72
3756,0.046290868,0.896414514,2727.28
3757,0.067152692,0.917993317,2681.74
3758,0.088158907,0.914883587,2526.21
3759,0.140074076,0.90866228,2410.67
3760,0.212101197,0.883034026,2334.36
3761,0.242205712,0.824327115,2274
3762,0.306477115,0.650903648,2191.2
3763,0.316821302,0.229700765,2075.24
3764,0.451485813,0.008117027,2004.41
3765,0.604198498,0,1976.69
3766,0.665343095,0,1806.34
3767,0.697629131,0,1608.67
3768,0.721125954,0,1483.26
3769,0.751237614,0,1411.43
3770,0.735989399,0,1363.35
3771,0.660533729,0,1364.19
3772,0.6389973,0,1411.55
3773,0.615229431,0.019358499,1490.05
3774,0.499906381,0.289667374,1705.26
3775,0.269094971,0.605018393,2080.07
3776,0.114820205,0.666634165,2272.73
3777,0.085111766,0.733549817,2398.29
3778,0.099225946,0.834161795,2469.34
3779,0.148700554,0.877924448,2549.58
3780,0.202448115,0.845632916,2646.29
3781,0.267008399,0.824815743,2662.83
3782,0.331081983,0.787914269,2603.55
3783,0.393935382,0.797240281,2522.53
3784,0.437322971,0.789128428,2490.64
3785,0.51018737,0.688259727,2458.58
3786,0.53697003,0.459775533,2383.6
3787,0.557876956,0.130610697,2264.77
3788,0.69935356,0.004565185,2164.58
3789,0.738834795,0,2087.85
3790,0.759574302,0,1902.94
3791,0.742461396,0,1691.22
3792,0.77395884,0,1522.42
3793,0.747129772,0,1415.29
3794,0.713288695,0,1375.79
3795,0.702066012,0,1380.22
3796,0.715907951,0,1430.1
3797,0.69101838,0.013326726,1498.45
3798,0.615244703,0.220708679,1753.52
3799,0.317223723,0.564202138,2184.16
3800,0.195899323,0.7193254,2474.21
3801,0.149424329,0.789993372,2711.66
3802,0.105446036,0.80537376,2902.91
3803,0.075904664,0.839349636,3106.47
3804,0.144846833,0.862840337,3261.53
3805,0.206964076,0.873228778,3200.66
3806,0.313900595,0.870766887,3100.3
3807,0.343011138,0.85570604,3097.24
3808,0.394207534,0.813163411,3099.47
3809,0.403255295,0.721889679,3016.67
3810,0.466865302,0.518872457,2903.51
3811,0.571996162,0.160601232,2811.82
3812,0.739912291,0.004914063,2658.77
3813,0.601055089,0,2516.79
3814,0.322425398,0,2292.35
3815,0.167792229,0,2042.37
3816,0.519237058,0,1865.22
3817,0.657984525,0,1718.47
3818,0.637498174,0,1618.17
3819,0.657081338,0,1575.01
3820,0.657967013,0,1558.55
3821,0.095011103,0.01035856,1516.97
3822,0.148076446,0.190097699,1605.37
3823,0.148660521,0.522439864,1815.26
3824,0.043188499,0.7083141,2051.37
3825,0.058534309,0.801604111,2198.98
3826,0.498044565,0.83715364,2355.99
3827,0.164430835,0.838941369,2412.99
3828,0.296967357,0.841066795,2490.14
3829,0.001559686,0.777868175,2566.46
3830,0.033257619,0.73305869,2572.14
3831,0.143182493,0.724732884,2538.25
3832,0.370544504,0.485585079,2551.66
3833,0.379268191,0.212376971,2659.68
3834,0.325495871,0.091601413,2574.91
3835,0.343377401,0.030899283,2403.42
3836,0.600723884,0.000233704,2385.77
3837,0.703240654,0,2328.07
3838,0.197760101,0,2136.12
3839,0.366093185,0,1889.75
3840,0.507970467,0,1714.5
3841,0.52894885,0,1537.48
3842,0.51363475,0,1479.51
3843,0.555734698,0,1435.63
3844,0.558900031,0,1421.51
3845,0.545084542,0.010158513,1438.51
3846,0.442087966,0.197945883,1381.43
3847,0.346721837,0.469221219,1448.26
3848,0.318365194,0.51207884,1559.17
3849,0.272239309,0.827392821,1625.01
3850,0.169313846,0.868763827,1649.54
3851,0.093806322,0.876978021,1690.01
3852,0.064408428,0.872239503,1759
3853,0.040777441,0.79918847,1808.41
3854,0.04542404,0.660107744,1757.05
3855,0.106850667,0.61711782,1674.81
3856,0.201782181,0.749462411,1629.33
3857,0.263745647,0.611743411,1652.71
3858,0.387373737,0.463832021,1683.28
3859,0.459170738,0.136911536,1689.67
3860,0.467874508,0.002893573,1740.07
3861,0.454674544,0,1752.77
3862,0.461971754,0,1581.58
3863,0.40816787,0,1384.22
3864,0.401379804,0,1253.8
3865,0.425760859,0,1322.29
3866,0.41223665,0,1347.8
3867,0.442045873,0,1356.64
3868,0.457840094,0,1420.12
3869,0.453442186,0.000250112,1499.24
3870,0.542355452,0.008632887,1748.9
3871,0.486299897,0.026474845,2105.02
3872,0.375853224,0.058630072,2311.47
3873,0.315260527,0.112713735,2450.51
3874,0.379870697,0.174616212,2520.94
3875,0.553557622,0.188231064,2588.99
3876,0.624164999,0.138199695,2677.68
3877,0.682846231,0.201437274,2689.19
3878,0.680644956,0.205766918,2654.09
3879,0.700387252,0.166290542,2622.58
3880,0.703920181,0.118844093,2617.54
3881,0.673558945,0.09911245,2622.35
3882,0.683436658,0.064159172,2548.55
3883,0.674995294,0.065331306,2360.05
3884,0.647161215,0.002861521,2197.4
3885,0.591686828,0,2086.68
3886,0.522648589,0,1878.97
3887,0.379947424,0,1624.63
3888,0.321211445,0,1478.76
3889,0.494312681,0,1416.77
3890,0.549609014,0,1361.3
3891,0.602881571,0,1367.36
3892,0.47625357,0,1413.52
3893,0.44872315,0.001691572,1474.64
3894,0.527854489,0.064911773,1729.19
3895,0.477884788,0.135231393,2165.89
3896,0.418424266,0.25751776,2457.9
3897,0.352175857,0.455719095,2640.63
3898,0.331681738,0.573907359,2781.37
3899,0.243956199,0.638362273,2879.68
3900,0.111795217,0.691927973,2952.06
3901,0.041844781,0.651369125,2900.69
3902,0.027001106,0.700263132,2822.32
3903,0.030455336,0.652221325,2750.43
3904,0.068625196,0.686643756,2689.49
3905,0.036487482,0.270215223,2706.97
3906,0.034791895,0.09813791,2597.25
3907,0.045350242,0.056329715,2388.21
3908,0.08657389,0.001704592,2263.2
3909,0.137622898,0,2192.51
3910,0.196614582,0,2010.74
3911,0.111457867,0,1752.72
3912,0.116286869,0,1582.16
3913,0.132131753,0,1482.93
3914,0.173785146,0,1422.13
3915,0.140781095,0,1440.01
3916,0.11146026,0,1496.75
3917,0.154057323,0.001430088,1570.76
3918,0.127420997,0.023376063,1822.08
3919,0.062778358,0.115154338,2186.6
3920,0.026034341,0.301680434,2441.24
3921,0.019580458,0.3909919,2613.02
3922,0.009395837,0.590905276,2745.32
3923,0.00496857,0.766795006,2790.77
3924,0.00748461,0.712399462,2794.51
3925,0.022763655,0.740249486,2714.23
3926,0.058067275,0.687295004,2556.04
3927,0.107168248,0.690048076,2507.5
3928,0.137064148,0.406234467,2564.62
3929,0.147509768,0.138019526,2614.76
3930,0.153531579,0.157603812,2584.68
3931,0.199445657,0.087333225,2516.19
3932,0.236315993,0.004129286,2436.84
3933,0.264592347,0,2371.21
3934,0.250256184,0,2178.97
3935,0.260890515,0,1972.67
3936,0.205455861,0,1842.39
3937,0.219798332,0,1735.15
3938,0.19356757,0,1664.67
3939,0.190409115,0,1633.99
3940,0.195493165,0,1641.96
3941,0.258303555,0.023122642,1687.86
3942,0.311058338,0.317309796,1998.23
3943,0.326521126,0.516972519,2457.51
3944,0.460481404,0.295042647,2764.82
3945,0.392742282,0.368092773,2950.67
3946,0.263993614,0.520265773,3111.16
3947,0.192671812,0.648711105,3208.47
3948,0.171519753,0.571240624,3285.62
3949,0.088839444,0.572344555,3288.26
3950,0.051974172,0.429438783,3232.19
3951,0.039033702,0.266011245,3186.2
3952,0.032466006,0.251840067,3189.27
3953,0.031801502,0.259833094,3213.53
3954,0.051716779,0.104477536,3153.28
3955,0.093307615,0.053398945,2944.96
3956,0.071923862,0.001720464,2738.6
3957,0.123729642,0,2583.37
3958,0.161405855,0,2311.79
3959,0.067352835,0,2018.9
3960,0.037594611,0,1791.53
3961,0.191072937,0,1646.85
3962,0.356351142,0,1570.47
3963,0.499264969,0,1544.48
3964,0.512282822,0,1576.59
3965,0.511722917,0.024323962,1604.62
3966,0.595046618,0.329188987,1872.25
3967,0.378416405,0.744073396,2310.7
3968,0.407599339,0.894028117,2616.85
3969,0.393810502,0.947802427,2803.71
3970,0.362634295,0.923612153,2872.75
3971,0.297098228,0.915162286,2923.34
3972,0.263063666,0.919334669,2937.09
3973,0.211027162,0.912236351,2889
3974,0.174921105,0.909875422,2853
3975,0.141079185,0.890355353,2796.7
3976,0.157595353,0.87703843,2718.67
3977,0.172623992,0.809345211,2734.32
3978,0.250904112,0.637192911,2689.65
3979,0.13979614,0.235845571,2606.55
3980,0.30714172,0.010918268,2462.01
3981,0.356673843,0,2332.35
3982,0.452738458,0,2121.35
3983,0.521306476,0,1852.3
3984,0.463466144,0,1686.19
3985,0.466259008,0,1532.54
3986,0.418162787,0,1449.59
3987,0.371257236,0,1436.78
3988,0.358730739,0,1433.55
3989,0.369416915,0.016343322,1416.09
3990,0.28784706,0.23727764,1538.31
3991,0.161653505,0.50672558,1766.32
3992,0.082105783,0.603749803,2015.59
3993,0.05253103,0.709292082,2179.75
3994,0.032442335,0.835498746,2310.15
3995,0.071448805,0.875089084,2401.72
3996,0.140035811,0.806489728,2530.72
3997,0.22947774,0.81583091,2536.52
3998,0.248878755,0.682749692,2592.4
3999,0.299963768,0.624028025,2680.1
4000,0.490595741,0.33413876,2737.54
4001,0.613381588,0.160356833,2790.94
4002,0.708532429,0.034983176,2775.45
4003,0.677494956,0.002438143,2655.26
4004,0.778764689,4.40E-07,2605.04
4005,0.793334153,0,2496.64
4006,0.795005703,0,2227.55
4007,0.797494837,0,1951.03
4008,0.794722311,0,1781.42
4009,0.765259033,0,1582.66
4010,0.74649321,0,1518.98
4011,0.705208228,0,1467.45
4012,0.676828959,0,1427.38
4013,0.657601669,0.001289431,1441.28
4014,0.702992094,0.025133351,1483
4015,0.758643679,0.275908673,1714.87
4016,0.655194799,0.331854745,1995.63
4017,0.312889325,0.431896093,2199.39
4018,0.390747356,0.681231484,2345.9
4019,0.454670458,0.726911999,2424.57
4020,0.549574227,0.554208511,2592.86
4021,0.679677989,0.564312726,2717.15
4022,0.695165554,0.521034486,2730.34
4023,0.697273156,0.301455792,2765.09
4024,0.732090926,0.143068893,2728.73
4025,0.660682908,0.126899484,2650.12
4026,0.613764644,0.100623161,2606.43
4027,0.512184053,0.019975558,2532.49
4028,0.391821453,0.000839477,2472.79
4029,0.150039238,0,2399.54
4030,0.118452021,0,2232.78
4031,0.078994696,0,1975.46
4032,0.128933984,0,1781.15
4033,0.171394692,0,1803.43
4034,0.111886971,0,1757.81
4035,0.102280867,0,1749.32
4036,0.081266322,0,1791.94
4037,0.05404759,0.016713442,1835.18
4038,0.054530922,0.258723555,2149.72
4039,0.054009658,0.638713176,2611.86
4040,0.038926234,0.813295086,2985.88
4041,0.030969486,0.784982826,3281.25
4042,0.032613395,0.827315922,3555.96
4043,0.085366238,0.874435745,3799.57
4044,0.191482808,0.81779842,3938.2
4045,0.290636715,0.744824394,3904.8
4046,0.330900768,0.696179359,3808
4047,0.407390808,0.725661562,3811.81
4048,0.419746343,0.581693673,3729.9
4049,0.490828839,0.483903428,3717.37
4050,0.493214268,0.299675042,3609.15
4051,0.534488846,0.106531492,3380.76
4052,0.511935755,0.003460756,3049.91
4053,0.578866573,0,2744.68
4054,0.623674705,0,2507.67
4055,0.578675271,0,2293.71
4056,0.498192494,0,2152.5
4057,0.40652774,0,2005.43
4058,0.30845392,0,1904.38
4059,0.290575547,0,1897.47
4060,0.373557763,0,1943.27
4061,0.403796545,0.011397357,2047.01
4062,0.50713094,0.18834135,2396.12
4063,0.349398845,0.371559143,2853.86
4064,0.256965791,0.629466389,3240.76
4065,0.346520239,0.700018476,3583.15
4066,0.27930702,0.756652662,3624.09
4067,0.216788773,0.850619185,3656.31
4068,0.297263337,0.88119344,3731.87
4069,0.238128104,0.783480847,3727.62
4070,0.228386529,0.807045968,3607.29
4071,0.180290714,0.877725698,3516.02
4072,0.168605724,0.91966768,3554.08
4073,0.155482782,0.716044259,3455.95
4074,0.124732784,0.671092039,3359.64
4075,0.058474318,0.274767031,3168.7
4076,0.053151714,0.014827014,2941.57
4077,0.085548085,0,2785.18
4078,0.131385908,0,2537.52
4079,0.179086725,0,2262.47
4080,0.187017246,0,2070.57
4081,0.131728089,0,1906.43
4082,0.071839545,0,1794.07
4083,0.057406952,0,1761.08
4084,0.060976184,0,1774.89
4085,0.05836184,0.006587359,1779.02
4086,0.066626122,0.091230199,2003.25
4087,0.045607573,0.363644257,2352.71
4088,0.009734796,0.408909161,2632.09
4089,0.007068988,0.591084723,2820.21
4090,0.004455623,0.741170219,3011.85
4091,0.00728264,0.771725035,3160.36
4092,0.04233922,0.770028731,3291.6
4093,0.117931817,0.872768797,3308.85
4094,0.161809088,0.925733057,3213.45
4095,0.236582735,0.921674317,3191.2
4096,0.306024042,0.827779741,3142.98
4097,0.4323909,0.757571194,3093.72
4098,0.468053668,0.575174921,2940.34
4099,0.471493256,0.207587259,2713.24
4100,0.558605532,0.010851383,2617.13
4101,0.63039555,0,2566.62
4102,0.621817637,0,2334.25
4103,0.604455706,0,2072.92
4104,0.600876838,0,1886.3
4105,0.602023268,0,1738.25
4106,0.535857276,0,1637.36
4107,0.49536197,0,1594.98
4108,0.492577228,0,1622.04
4109,0.475800893,0.00918604,1673.89
4110,0.444972629,0.181806336,1924.7
4111,0.257013611,0.513260319,2277.81
4112,0.107841319,0.729524074,2493.83
4113,0.051794144,0.573699289,2704.83
4114,0.050297354,0.269877804,2912.4
4115,0.059605926,0.439092241,3043.22
4116,0.087517125,0.581041392,3191.57
4117,0.150780701,0.551465943,3245.06
4118,0.170856747,0.712095938,3189.77
4119,0.300089221,0.638074358,3193.64
4120,0.409271845,0.59587337,3226.81
4121,0.431848611,0.490702329,3250.41
4122,0.364675822,0.358009539,3157.51
4123,0.374860657,0.132779394,2955.06
4124,0.478323699,0.00756749,2772.17
4125,0.545018733,0,2669.29
4126,0.567194944,0,2427.9
4127,0.529319813,0,2139.11
4128,0.511568398,0,1924.42
4129,0.435614846,0,1768.28
4130,0.361758281,0,1670.89
4131,0.292468909,0,1654.9
4132,0.247514861,0,1668.41
4133,0.175448851,0.002848872,1707.41
4134,0.164159743,0.101624895,2008.99
4135,0.050006075,0.293078611,2405.61
4136,0.057658185,0.318924425,2589.93
4137,0.033299982,0.404614399,2744.34
4138,0.105057196,0.277329031,2847.61
4139,0.195255587,0.45448958,2891.94
4140,0.196769685,0.553364002,2886.53
4141,0.345511908,0.510287736,2899.62
4142,0.428046006,0.484788004,2844.39
4143,0.307557419,0.672343794,2839.38
4144,0.330704128,0.464520465,2795.64
4145,0.394732861,0.243630559,2703.71
4146,0.367463571,0.11902486,2565.59
4147,0.236174383,0.048428249,2407.78
4148,0.188547012,0.002387897,2297.5
4149,0.091293561,0,2255.18
4150,0.077152693,0,2067.8
4151,0.126325462,0,1770.39
4152,0.040724946,0,1583.84
4153,0.002538883,0,1448.11
4154,0.007834804,0,1388.38
4155,2.86E-05,0,1381.41
4156,0.000144277,0,1393.52
4157,0.002240899,0.00742238,1376.98
4158,0.005803775,0.035260707,1462.86
4159,0.006522892,0.121485027,1612.47
4160,0.03641602,0.229456392,1735.47
4161,0.072561617,0.191714112,1735.53
4162,0.100423886,0.212304081,1738.66
4163,0.144197853,0.26230793,1719.62
4164,0.236846686,0.312498233,1729.89
4165,0.320702131,0.267601409,1728.19
4166,0.445582884,0.35948554,1703.12
4167,0.491433707,0.350880296,1741.99
4168,0.515700497,0.26833228,1777.8
4169,0.493319008,0.145518059,1837.86
4170,0.372454373,0.07201323,1846.11
4171,0.518867159,0.035929161,1872.02
4172,0.428549338,0.001474152,1958.79
4173,0.284130422,0,1961.62
4174,0.229112763,0,1789.15
4175,0.160419832,0,1598.24
4176,0.194995357,0,1483.9
4177,0.202180087,0,1336.66
4178,0.149839562,0,1304.75
4179,0.195179321,0,1271.35
4180,0.196354754,0,1280.21
4181,0.202347467,0.000933197,1327.03
4182,0.14786178,0.036032432,1324.98
4183,0.134869418,0.114134083,1468.68
4184,0.130581932,0.083641703,1616.97
4185,0.100129079,0.17305509,1785.7
4186,0.105962092,0.193624722,1915.04
4187,0.14734319,0.231004463,2089.49
4188,0.152267578,0.217122561,2224.36
4189,0.151484602,0.273015246,2342.54
4190,0.167955908,0.290071894,2357.54
4191,0.220375553,0.270028427,2422.83
4192,0.290159061,0.263508304,2338.97
4193,0.313696837,0.094906697,2352.91
4194,0.46294497,0.040956665,2425.85
4195,0.29629085,0.001356237,2488.82
4196,0.37654639,2.63E-05,2490.02
4197,0.469296669,0,2324.46
4198,0.475434541,0,1983.45
4199,0.446619111,0,1778.17
4200,0.361324339,0,1625.28
4201,0.351302582,0,1668.06
4202,0.279915299,0,1644.42
4203,0.171135923,0,1624.71
4204,0.110069327,0,1647.04
4205,0.071292804,0.018642047,1699.3
4206,0.030811593,0.167456662,1991.67
4207,0.069613989,0.242811219,2448.94
4208,0.032527222,0.497588285,2719.73
4209,0.011406625,0.815900566,2947.88
4210,0.013254638,0.916178794,3074.58
4211,0.016047276,0.911790149,3148.06
4212,0.036710406,0.766200071,3185.73
4213,0.07916536,0.71490858,3217.36
4214,0.103851639,0.665009751,3113.04
4215,0.138423815,0.548950998,3072.23
4216,0.211481343,0.595484341,3115.64
4217,0.27706057,0.529210807,3092.3
4218,0.280742195,0.423281563,3026.43
4219,0.299985998,0.22681938,2857.27
4220,0.400519114,0.011776092,2683.1
4221,0.469529883,0,2569.24
4222,0.509005101,0,2292.33
4223,0.507318229,0,1997.04
4224,0.454897889,0,1792.95
4225,0.426397522,0,1677.2
4226,0.387635912,0,1569.49
4227,0.28274404,0,1529.84
4228,0.129832615,0,1555.39
4229,0.109276676,0.020432177,1593.92
4230,0.113922912,0.299359298,1861.24
4231,0.018610665,0.695277521,2305
4232,0.001157573,0.831806029,2589.48
4233,0.001119056,0.891832237,2806.94
4234,0.0041093,0.859392963,2950.87
4235,0.04254691,0.854377994,3024.12
4236,0.086707761,0.701726962,3053.19
4237,0.10441924,0.602132209,3069.24
4238,0.12099992,0.481509306,2983.18
4239,0.170436458,0.490914335,2902.89
4240,0.205264773,0.475795328,2895.34
4241,0.217214403,0.401246542,2872.84
4242,0.22822191,0.19944724,2793.6
4243,0.351392871,0.040424372,2646.58
4244,0.563718117,0.001865835,2477.5
4245,0.584906401,0,2379.97
4246,0.587339005,0,2156.2
4247,0.606693294,0,1916.23
4248,0.579991059,0,1718.3
4249,0.476261784,0,1605.14
4250,0.327988351,0,1538.23
4251,0.228998913,0,1517.75
4252,0.188066682,0,1561.54
4253,0.17470777,0.019379665,1629.56
4254,0.161883435,0.2936301,1844.69
4255,0.058171484,0.703620343,2184.54
4256,0.010372196,0.859509376,2420.36
4257,0.011707028,0.908887432,2624.82
4258,0.004949073,0.919751624,2740.51
4259,0.021538242,0.911054016,2752.83
4260,0.052472119,0.899649365,2756.56
4261,0.05704149,0.898248949,2653.5
4262,0.130281394,0.887077024,2498.3
4263,0.215206322,0.879894325,2369.25
4264,0.22836507,0.848314331,2372.27
4265,0.21358958,0.774437333,2346.26
4266,0.23859763,0.579287407,2299.72
4267,0.247572453,0.207744694,2242.28
4268,0.301326061,0.011058085,2217.85
4269,0.382205111,0,2177.2
4270,0.275325087,0,1967.75
4271,0.273404122,0,1781.99
4272,0.239783208,0,1647.21
4273,0.152880372,0,1571.38
4274,0.060875888,0,1540.33
4275,0.001967654,0,1545.49
4276,0,0,1588.15
4277,0,0.009953077,1672.75
4278,0,0.172265873,1910.86
4279,0.000354191,0.506405595,2232.14
4280,0.000987777,0.774928056,2451.22
4281,3.60E-06,0.847752554,2660.13
4282,0.000952717,0.855374237,2846.52
4283,0.029691802,0.803901927,3026.92
4284,0.090746849,0.706416232,3246.64
4285,0.104383688,0.455689279,3350.91
4286,0.166456853,0.542303345,3263.05
4287,0.198942318,0.691526769,3209.33
4288,0.227699052,0.78072037,3052.39
4289,0.193215445,0.668342132,2848.97
4290,0.171711009,0.386683189,2775.65
4291,0.10925289,0.119441534,2666.44
4292,0.190366562,0.00326402,2600.48
4293,0.216306535,0,2469.9
4294,0.272997182,0,2245.94
4295,0.365636756,0,2037.09
4296,0.352320721,0,1861.41
4297,0.278560439,0,1750.51
4298,0.107606816,0,1673.85
4299,0.142460381,0,1642.87
4300,0.109816214,0,1676.92
4301,0.127904802,0.005028368,1755.68
4302,0.19930591,0.12072378,2060.57
4303,0.210954625,0.489605409,2514.94
4304,0.146365707,0.741245761,2905.24
4305,0.151660189,0.835973559,3186.51
4306,0.180446945,0.921653751,3401.81
4307,0.320570308,0.94475301,3563.25
4308,0.423694967,0.921887297,3719.84
4309,0.491963227,0.891891789,3714.5
4310,0.558307842,0.927996576,3570.47
4311,0.544613184,0.923910811,3525.55
4312,0.603913548,0.900951219,3530.06
4313,0.635728035,0.841281937,3513.05
4314,0.629467175,0.674857,3422.33
4315,0.610277825,0.269992872,3262.44
4316,0.553769062,0.016701137,3104.25
4317,0.633657245,0,2910.85
4318,0.71478331,0,2629.78
4319,0.762526224,0,2383.4
4320,0.700059455,0,2181.78
4321,0.577500417,0,1995.86
4322,0.514260698,0,1910.67
4323,0.495125279,0,1843.59
4324,0.453541195,0,1788.8
4325,0.422956013,0.019885519,1758.66
4326,0.496476467,0.305386305,1832.54
4327,0.451525158,0.736416495,2114.65
4328,0.531454154,0.899938454,2393.45
4329,0.433934712,0.952344283,2587.26
4330,0.336638789,0.965509603,2789.55
4331,0.34448747,0.958914571,2932.45
4332,0.371988855,0.933592058,3019.38
4333,0.379931378,0.881114921,3098.57
4334,0.418498136,0.922091011,3078.04
4335,0.45539447,0.931872799,3136.37
4336,0.494497864,0.913975295,3208.2
4337,0.538082483,0.794462301,3237.26
4338,0.557429194,0.705079685,3250.54
4339,0.545170036,0.29097356,3163.27
4340,0.649633039,0.018624464,3162.06
4341,0.6859397,0,3020.51
4342,0.615710094,0,2729.64
4343,0.442933809,0,2468.51
4344,0.420753806,0,2300.8
4345,0.373928485,0,2131.28
4346,0.286791589,0,2027.11
4347,0.30189491,0,1955.76
4348,0.3072999,0,1925.48
4349,0.30576367,0.022204233,1930.01
4350,0.348597543,0.324915698,1928.55
4351,0.229400686,0.755687612,2203.43
4352,0.158882357,0.905236636,2505.11
4353,0.103620063,0.948388872,2678.63
4354,0.113525233,0.954369032,2774.06
4355,0.097131009,0.944233322,2926.98
4356,0.10854699,0.932332614,3098.7
4357,0.129608085,0.924577565,3125.52
4358,0.14669103,0.924263221,3183.6
4359,0.123747007,0.921091626,3188.44
4360,0.149731799,0.823824092,3157.54
4361,0.192875602,0.624537358,3129.75
4362,0.241449252,0.491339781,3022.9
4363,0.206841867,0.267842685,2931.1
4364,0.349285305,0.01687429,2916.23
4365,0.338572333,0,2910.18
4366,0.290330543,0,2756.94
4367,0.125129494,0,2528.14
4368,0.050309356,0,2384.37
4369,0.042569084,0,2392.54
4370,0.043397068,0,2353.4
4371,0.046453078,0,2303.26
4372,0.0594471,0,2283.08
4373,0.061482199,0.018943192,2329.51
4374,0.103535697,0.291760083,2567.59
4375,0.030402865,0.706582999,3070.74
4376,0.007845147,0.833476175,3465.63
4377,0.003797932,0.898908998,3788.23
4378,0.018375636,0.847819969,3991.34
4379,0.01959709,0.820322283,4102.19
4380,0.047077707,0.880872445,4185.37
4381,0.077013866,0.865677517,4172.44
4382,0.127534908,0.632229968,4085.36
4383,0.177431401,0.621895787,4036.51
4384,0.239239937,0.512231802,3858.9
4385,0.362427964,0.284814701,3751.75
4386,0.393011438,0.117959022,3512.77
4387,0.38729409,0.032017584,3319.23
4388,0.50678718,0.001943074,3139.44
4389,0.568841153,0,3008.5
4390,0.580754224,0,2801.84
4391,0.591966863,0,2548.26
4392,0.594887891,0,2365.46
4393,0.613874185,0,2231.57
4394,0.593147246,0,2165.53
4395,0.538157872,0,2131.55
4396,0.534205923,0,2164.22
4397,0.509759882,0.001761767,2248.61
4398,0.527955288,0.049612123,2507.24
4399,0.332276817,0.08205657,3027.95
4400,0.349171881,0.055080338,3473.94
4401,0.364373929,0.083268857,3787.87
4402,0.330181206,0.167490586,4002.53
4403,0.413106464,0.255465011,4160.37
4404,0.471901652,0.298577456,4204.07
4405,0.412561639,0.401729049,4044.27
4406,0.424490973,0.38104352,3678.99
4407,0.508737888,0.282577211,3571.81
4408,0.573840997,0.221553047,3465.12
4409,0.601799554,0.226233317,3223.18
4410,0.553204753,0.180057089,3044.71
4411,0.52238375,0.05055146,2869.61
4412,0.506341156,0.000660871,2831.35
4413,0.410683917,0,2756.71
4414,0.453703455,0,2554.66
4415,0.563501778,0,2307.72
4416,0.507853887,0,2134.98
4417,0.353912232,0,2005.8
4418,0.321582565,0,1931.69
4419,0.266271185,0,1924.03
4420,0.243849503,0,1976.57
4421,0.196925416,0.00414689,2092.23
4422,0.104096245,0.101097671,2324.57
4423,0.041990568,0.35451626,2705.9
4424,0.031234639,0.44297974,3058.45
4425,0.041095258,0.647115916,3348.51
4426,0.088090079,0.696684057,3543.81
4427,0.16757939,0.669493348,3687.72
4428,0.250431403,0.724541238,3759.93
4429,0.31411339,0.803353349,3682.16
4430,0.331523196,0.795680267,3538.29
4431,0.397110864,0.823515688,3312.25
4432,0.477112791,0.788201608,3286.13
4433,0.470818751,0.538332109,3262.06
4434,0.421922917,0.229628288,3060.04
4435,0.510550102,0.057781615,2895.73
4436,0.681493588,0.003525332,2830.27
4437,0.690902207,0,2772.58
4438,0.707710628,0,2552.48
4439,0.672287322,0,2312.91
4440,0.623394345,0,2127.37
4441,0.474920159,0,2009.42
4442,0.296289099,0,1916.95
4443,0.346150536,0,1908.84
4444,0.463417678,0,1961.24
4445,0.455176892,0.01718014,2060.9
4446,0.506081796,0.291620049,2329.61
4447,0.396813619,0.725550051,2795.25
4448,0.314568272,0.888744124,3170.55
4449,0.248483906,0.938533436,3382.88
4450,0.213515181,0.950433854,3550.38
4451,0.226718024,0.945150024,3724.84
4452,0.234062329,0.93628347,3855.15
4453,0.290317024,0.934479739,3838.7
4454,0.353096096,0.934174358,3782.33
4455,0.348603795,0.932645783,3767.13
4456,0.395640849,0.91447669,3672.84
4457,0.419370702,0.862355487,3615.59
4458,0.389638547,0.700749607,3420.85
4459,0.512715619,0.280817867,3212.49
4460,0.736346619,0.016300524,3045.1
4461,0.778444373,0,2965.55
4462,0.783944945,0,2748.01
4463,0.77461287,0,2524.79
4464,0.763910883,0,2336.33
4465,0.752828252,0,2218.17
4466,0.729793134,0,2124.11
4467,0.667904533,0,2101.83
4468,0.579524409,0,2125
4469,0.424812529,0.012294746,2221.8
4470,0.254699142,0.237698789,2404.39
4471,0.133589081,0.61063259,2719.53
4472,0.035784556,0.74019695,2881.31
4473,0.013803621,0.64046088,2979.96
4474,0.053414332,0.693454252,3085.35
4475,0.108631485,0.714530703,3195.94
4476,0.196733586,0.709659288,3182.52
4477,0.288326479,0.715400004,3179.49
4478,0.386250966,0.459235054,3127.57
4479,0.555925767,0.393226795,2952.69
4480,0.668236452,0.678395204,2895.1
4481,0.753673378,0.569848916,2945.78
4482,0.709384696,0.49563493,2835.32
4483,0.663072576,0.134396714,2747.79
4484,0.708418192,0.006130153,2663.37
4485,0.731644851,0,2497.88
4486,0.707018021,0,2239.16
4487,0.664527908,0,1965.99
4488,0.630760274,0,1788.73
4489,0.635335841,0,1634
4490,0.664551998,0,1514.42
4491,0.638320312,0,1456.34
4492,0.48072432,0,1439.58
4493,0.267024452,0.010665926,1439.71
4494,0.09641893,0.220354729,1555.03
4495,0.023773668,0.605672031,1771.83
4496,0.007674987,0.775586642,1993.67
4497,0.009341947,0.841754404,2092.49
4498,0.017153772,0.864001804,2143.38
4499,0.021014135,0.863275644,2176.36
4500,0.042837135,0.705047647,2228.58
4501,0.055106718,0.797910356,2281.16
4502,0.080629897,0.779329387,2320.69
4503,0.120343852,0.329023428,2409.68
4504,0.098789961,0.115651979,2496.07
4505,0.090801289,0.092260529,2496.04
4506,0.219256791,0.042631196,2524.61
4507,0.356293419,0.011969368,2439.51
4508,0.30867704,0.000152208,2375.4
4509,0.24259269,0,2275.32
4510,0.348583291,0,2033.76
4511,0.266945331,0,1770.59
4512,0.110648272,0,1619.37
4513,0.017454103,0,1444.95
4514,0.060988778,0,1385.88
4515,0.133539206,0,1347.17
4516,0.1366397,0,1309.64
4517,0.142337619,0.000487978,1337.29
4518,0.137066203,0.019150626,1353.98
4519,0.346673985,0.095068523,1565.98
4520,0.021793576,0.483321764,1849.98
4521,0.02484867,0.42958498,2047.09
4522,0.030557776,0.746794807,2112.98
4523,0.158504488,0.712011383,2174.53
4524,0.12492874,0.700466633,2288.55
4525,0.194908848,0.595167085,2323.43
4526,0.172472504,0.452116502,2362.38
4527,0.218451957,0.234191807,2453.97
4528,0.297641262,0.108854319,2429.43
4529,0.301901784,0.076756809,2479.81
4530,0.309717976,0.064929525,2442.54
4531,0.253088681,0.028626079,2344.73
4532,0.2393956,0.000927856,2310.8
4533,0.275467929,0,2239.31
4534,0.387694128,0,2019.48
4535,0.373072846,0,1753.21
4536,0.327541658,0,1573.38
4537,0.306195639,0,1599.87
4538,0.218241371,0,1560.73
4539,0.071097621,0,1556.2
4540,0.018267772,0,1582.89
4541,0.102055268,0.007073068,1660.22
4542,0.22188683,0.178785709,1940.96
4543,0.208759776,0.565564917,2357.64
4544,0.203452613,0.819538789,2706.2
4545,0.188211286,0.904396688,2989.33
4546,0.23325656,0.932818892,3170.56
4547,0.255992077,0.933226021,3311.31
4548,0.314238328,0.92641114,3502.65
4549,0.339915879,0.925303162,3499.41
4550,0.386696924,0.925392944,3439.38
4551,0.459888703,0.924649835,3395.47
4552,0.476760771,0.91139787,3395.42
4553,0.430521863,0.856438569,3343.67
4554,0.447798645,0.696539418,3141.92
4555,0.463862989,0.275092363,2949.11
4556,0.619301617,0.015576254,2781.86
4557,0.656390035,0,2635.07
4558,0.69165138,0,2389.84
4559,0.643874304,0,2137.38
4560,0.596039028,0,1960.95
4561,0.508815668,0,1830.55
4562,0.377345229,0,1754.41
4563,0.286855956,0,1732.2
4564,0.261116131,0,1764.74
4565,0.200660947,0.01344718,1822.61
4566,0.110576864,0.268948794,2105.28
4567,0.02920469,0.708615461,2573.16
4568,0.002616026,0.869097995,2963.1
4569,0.000695022,0.913160739,3241.98
4570,0.017042176,0.923245711,3435.99
4571,0.019028127,0.918656055,3656.45
4572,0.082022642,0.910019475,3777.44
4573,0.121216718,0.908827336,3762.85
4574,0.176170888,0.906513524,3750.05
4575,0.271054121,0.901875523,3721.01
4576,0.314340298,0.87621321,3652.01
4577,0.355518507,0.810253176,3608.31
4578,0.410745499,0.638065533,3452.72
4579,0.38047338,0.235986973,3306.93
4580,0.44648518,0.011888751,3155.55
4581,0.51256492,0,3025.33
4582,0.526833657,0,2764.64
4583,0.55124965,0,2520.77
4584,0.564326191,0,2325.08
4585,0.518159094,0,2137.63
4586,0.521193303,0,2029.9
4587,0.509894264,0,1994.19
4588,0.503007349,0,2004.28
4589,0.537118289,0.007187421,2062.03
4590,0.529745519,0.186307844,2284.55
4591,0.373273056,0.557974254,2693.89
4592,0.29827772,0.738699659,3088.83
4593,0.238937034,0.822633782,3319.35
4594,0.21274046,0.85766452,3460.05
4595,0.219409613,0.871926428,3578.76
4596,0.234442563,0.872567276,3688.53
4597,0.326427687,0.871554954,3676.67
4598,0.473708548,0.805722933,3617.87
4599,0.624072525,0.79090279,3575.08
4600,0.673971438,0.793503721,3440.47
4601,0.733226128,0.721676281,3262.86
4602,0.765044689,0.411328576,3044.98
4603,0.776730163,0.132460816,2861.56
4604,0.798366946,0.003543181,2743.63
4605,0.800627086,0,2627.58
4606,0.80424638,0,2384.87
4607,0.803388484,0,2130.33
4608,0.803332089,0,1960.69
4609,0.802036828,0,1818.22
4610,0.80478168,0,1740.29
4611,0.80291996,0,1729.1
4612,0.779161637,0,1763.06
4613,0.759992084,0.004116592,1775.76
4614,0.762803677,0.15328789,1960.94
4615,0.740597254,0.451654581,2278.78
4616,0.596869068,0.712216372,2543.9
4617,0.453392313,0.859859076,2829.9
4618,0.374481341,0.859937592,2971.64
4619,0.359645842,0.816498775,3025
4620,0.39185443,0.858208321,3182.42
4621,0.490084399,0.890728624,3212.53
4622,0.549208385,0.888473998,3199.84
4623,0.567365138,0.88546828,3204.52
4624,0.59448022,0.72933721,3127.16
4625,0.656940289,0.76929683,3035.64
4626,0.664517331,0.620109712,2906.06
4627,0.68959326,0.212365297,2762.68
4628,0.669025145,0.011327553,2646.1
4629,0.639892426,0,2515.14
4630,0.574672015,0,2271.44
4631,0.638872765,0,2024.54
4632,0.679309681,0,1824.55
4633,0.710863844,0,1703.33
4634,0.687959418,0,1634.37
4635,0.664608783,0,1619.24
4636,0.64763067,0,1678.67
4637,0.581069767,0.010012094,1735
4638,0.55727845,0.236676606,2013.38
4639,0.37781708,0.624612955,2430.03
4640,0.312420261,0.529197539,2794.79
4641,0.38544266,0.353430022,3075.93
4642,0.461108138,0.349590142,3247.24
4643,0.477011263,0.530668468,3362.65
4644,0.48973467,0.622426813,3416.21
4645,0.487466047,0.647612522,3390.99
4646,0.51604428,0.865362397,3266.64
4647,0.466191458,0.924606699,3283.75
4648,0.440129489,0.909209682,3273.9
4649,0.514924633,0.849595699,3241.19
4650,0.560492918,0.644116807,3054.81
4651,0.488194749,0.188093927,2861.84
4652,0.746429022,0.011785439,2714.94
4653,0.776394042,0,2586.66
4654,0.799192233,0,2356.52
4655,0.739946084,0,2092.35
4656,0.724522089,0,1916.13
4657,0.787169519,0,1748.69
4658,0.773219504,0,1664.36
4659,0.769786788,0,1651.22
4660,0.781257349,0,1642.59
4661,0.730678546,0.011646698,1633.25
4662,0.738393349,0.269340262,1706.63
4663,0.65592323,0.748592752,1863.27
4664,0.677129752,0.927294242,2068.3
4665,0.713180191,0.975610605,2254.89
4666,0.67220404,0.980121382,2500.86
4667,0.692497905,0.964537593,2598.36
4668,0.617669567,0.946839291,2706.55
4669,0.521798333,0.936743249,2822.65
4670,0.442709574,0.900985357,2882.25
4671,0.409738154,0.736608283,2954.75
4672,0.308457486,0.42327145,3004.08
4673,0.263917397,0.73201039,3044.85
4674,0.288746096,0.69690085,2996.87
4675,0.250646062,0.268291975,2935.15
4676,0.293731948,0.01280388,2901.83
4677,0.318763642,0,2845.59
4678,0.324107515,0,2615.68
4679,0.371132651,0,2349.37
4680,0.463305413,0,2077.93
4681,0.591459333,0,1741.4
4682,0.652333216,0,1646.73
4683,0.696693343,0,1580.71
4684,0.658615865,0,1550.82
4685,0.685542756,0.009051668,1582.26
4686,0.604289918,0.235893227,1499.42
4687,0.283572153,0.687135247,1590.51
4688,0.184202333,0.866800564,1764.5
4689,0.134321257,0.915703354,1879.58
4690,0.066908928,0.921593751,1890.87
4691,0.084990182,0.89311235,1844.62
4692,0.098724661,0.741333616,1881.33
4693,0.125853924,0.766424086,2008.09
4694,0.120717549,0.56508376,2209.48
4695,0.161154582,0.578909734,2296.24
4696,0.259206528,0.740457269,2438.94
4697,0.338562233,0.757848468,2597.05
4698,0.420106126,0.536981065,2554.08
4699,0.424651536,0.15614562,2524.28
4700,0.531522374,0.00831008,2499.43
4701,0.524992454,0,2435.13
4702,0.476767838,0,2240.06
4703,0.379900762,0,2025.92
4704,0.300442523,0,1880.11
4705,0.286708338,0,1910.87
4706,0.279681195,0,1890.82
4707,0.257894981,0,1852.24
4708,0.283983494,0,1864.6
4709,0.255524897,0.00736554,1959.34
4710,0.182419098,0.215965597,2224.61
4711,0.037986517,0.633857302,2706.68
4712,0.007207345,0.750306719,3090.17
4713,0.001445114,0.855812468,3381.85
4714,0.000671858,0.830112909,3591.38
4715,0.011692352,0.854576157,3755.24
4716,0.039758635,0.821006459,3881.45
4717,0.100185752,0.731337427,3891.48
4718,0.126369612,0.651734599,3832.97
4719,0.187190566,0.49851791,3790.14
4720,0.294439532,0.378146299,3756.7
4721,0.376300581,0.216755109,3555.17
4722,0.466436144,0.24565649,3254.37
4723,0.4856433,0.101103347,3057.65
4724,0.599345935,0.005945037,2956.55
4725,0.602055058,0,2905.28
4726,0.641116321,0,2705.8
4727,0.708889547,0,2501.09
4728,0.748012297,0,2315.41
4729,0.759609791,0,2165.44
4730,0.766594446,0,2116.52
4731,0.757807101,0,2065.44
4732,0.764566208,0,2074.45
4733,0.762302643,0.007453556,2145.84
4734,0.747723163,0.223443859,2377.04
4735,0.589990926,0.673296356,2830.54
4736,0.426486376,0.858392972,3242.42
4737,0.41470998,0.91371799,3570.19
4738,0.412813121,0.927095815,3789.95
4739,0.448177744,0.922774553,3853.22
4740,0.508559017,0.914459668,3898.19
4741,0.584011324,0.910981899,3837.33
4742,0.60264241,0.908738378,3481.62
4743,0.675157002,0.903491164,3029.57
4744,0.720121498,0.880487582,2761
4745,0.765675363,0.822679801,2697.17
4746,0.762297081,0.577558809,2601.15
4747,0.762498231,0.184111835,2498.43
4748,0.796646083,0.007493932,2432.86
4749,0.798282134,0,2396.22
4750,0.80036873,0,2211.73
4751,0.80365741,0,1970.73
4752,0.803300123,0,1800.72
4753,0.799920292,0,1688.13
4754,0.798987244,0,1651.89
4755,0.797394022,0,1625.11
4756,0.7908048,0,1657.86
4757,0.788921876,0.004233501,1700.94
4758,0.790031023,0.167057209,1967.48
4759,0.732352989,0.564656479,2363.61
4760,0.60606993,0.763240245,2709.82
4761,0.556165155,0.842581517,2951.1
4762,0.503417085,0.869954016,3110.89
4763,0.501748986,0.869320206,3237.47
4764,0.510595097,0.859099684,3387.12
4765,0.54919274,0.778206166,3433.13
4766,0.565254646,0.587872464,3280.03
4767,0.708625772,0.393330905,3189.71
4768,0.742163133,0.187579245,3166.42
4769,0.697230529,0.194175667,3257.26
4770,0.69309723,0.086342323,3180.41
4771,0.623065242,0.012937556,2963.23
4772,0.616664312,0.000375361,2817.88
4773,0.56592732,0,2710.64
4774,0.353863814,0,2403.76
4775,0.154905594,0,2117.81
4776,0.159748628,0,1911.76
4777,0.300428875,0,1771.44
4778,0.414427923,0,1685.49
4779,0.416862,0,1633.47
4780,0.293248142,0,1644.62
4781,0.157480566,0.001185828,1705.25
4782,0.133792642,0.099998966,1967.9
4783,0.096998825,0.458852554,2366.78
4784,0.059856277,0.703975591,2695.18
4785,0.098426301,0.79578335,2884.2
4786,0.112305444,0.83722909,3014.83
4787,0.111143811,0.862868724,3103.13
4788,0.07737783,0.855528536,3185
4789,0.08390574,0.845421218,3195.27
4790,0.087522745,0.810289041,3178.32
4791,0.112335158,0.612411711,3123.76
4792,0.12388545,0.718719101,3137.18
4793,0.137932571,0.658963683,3156.31
4794,0.163808044,0.443683455,3011.15
4795,0.239895311,0.123862277,2823.82
4796,0.423169912,0.003395453,2651.15
4797,0.510248658,0,2516.07
4798,0.392161601,0,2278.25
4799,0.256548302,0,2034.65
4800,0.182084605,0,1841.24
4801,0.062995954,0,1718.28
4802,0.011113685,0,1651.08
4803,0.022218293,0,1645.24
4804,0.01073725,0,1690.7
4805,0.002921834,0.001808181,1751.69
4806,0.003813768,0.126382512,2019.48
4807,0.003553602,0.471571663,2455.76
4808,0.000117474,0.685877878,2817.94
4809,0.000728315,0.787352744,3108.85
4810,0.016610427,0.833026235,3243.74
4811,0.079531316,0.849031085,3246.44
4812,0.25603514,0.849147285,3334.88
4813,0.274758889,0.845021338,3435.08
4814,0.289392331,0.829019642,3289.99
4815,0.404136362,0.782384147,3155.47
4816,0.453033804,0.760932999,3129.2
4817,0.454566988,0.617960295,3106.75
4818,0.423280201,0.468296396,2976.43
4819,0.371625432,0.100386364,2765.38
4820,0.423408517,0.00202841,2588.54
4821,0.538491244,0,2468.14
4822,0.492108164,0,2245.17
4823,0.457684467,0,2010.97
4824,0.438662338,0,1864.28
4825,0.394179577,0,1720.86
4826,0.398466706,0,1615.88
4827,0.344160744,0,1585.44
4828,0.374229415,0,1571.68
4829,0.423483952,0.000556521,1600.67
4830,0.443580496,0.068040166,1678.31
4831,0.418055091,0.274619899,1917.07
4832,0.368487795,0.57353224,2151.28
4833,0.407479144,0.735491538,2305.35
4834,0.47416068,0.80186754,2388.91
4835,0.620984816,0.840419483,2411.95
4836,0.69003613,0.84469204,2469.68
4837,0.743514417,0.84455718,2503.95
4838,0.750623646,0.845176965,2459.27
4839,0.792446249,0.832587793,2428.13
4840,0.798632195,0.788459195,2405.53
4841,0.799858378,0.679691257,2389.59
4842,0.800948831,0.479952656,2284.44
4843,0.796313389,0.139063262,2185.35
4844,0.803884489,0.003000277,2188.32
4845,0.804388774,0,2121.57
4846,0.803897548,0,1923.88
4847,0.802374161,0,1723.05
4848,0.802576128,0,1624.43
4849,0.796382585,0,1503.68
4850,0.786150627,0,1472.88
4851,0.771468909,0,1470.22
4852,0.749320792,0,1496.42
4853,0.72796329,0.001631992,1597.16
4854,0.688409729,0.122084474,1476.79
4855,0.458705354,0.47193287,1565.58
4856,0.325407616,0.701872995,1750.06
4857,0.36485891,0.792150966,1878.84
4858,0.32129242,0.828406466,1909.36
4859,0.317609293,0.838417022,2011.69
4860,0.35002686,0.836044246,2204.78
4861,0.369904014,0.831759708,2286.86
4862,0.455070346,0.815268304,2324.48
4863,0.42998403,0.802730342,2287.77
4864,0.448599279,0.762369965,2226.93
4865,0.404396281,0.654161774,2192.61
4866,0.271038119,0.46203936,2160.25
4867,0.227179595,0.140565114,2110.92
4868,0.19308987,0.003435753,2128.16
4869,0.202740055,0,2153.76
4870,0.112193918,0,1987.37
4871,0.089850154,0,1785.49
4872,0.0565754,0,1678.95
4873,0.017598812,0,1751.19
4874,0.0117372,0,1756.34
4875,0.028668739,0,1759.72
4876,0.098512789,0,1813.29
4877,0.113014456,0.000606472,1958.09
4878,0.102122633,0.105864279,2173.2
4879,0.040189233,0.390845302,2482.24
4880,0.006191058,0.643858701,2665.04
4881,0.000151594,0.742145129,2796.23
4882,0.008286484,0.714132033,2912.5
4883,0.01564151,0.66075809,3065.87
4884,0.017893823,0.706728366,3156.32
4885,0.056013234,0.71493668,3073.66
4886,0.133972832,0.580877277,3096.37
4887,0.233065189,0.354844046,3155.35
4888,0.298449691,0.421489698,3168.74
4889,0.43056807,0.562971047,3118.97
4890,0.695321677,0.426266992,2992.42
4891,0.562708718,0.120769954,2820.48
4892,0.358036695,0.002193202,2768.67
4893,0.365989073,0,2695.33
4894,0.487168605,0,2442.32
4895,0.52246578,0,2182.05
4896,0.472045096,0,2049.87
4897,0.394383606,0,1949.66
4898,0.260945007,0,1862.51
4899,0.138324723,0,1884.64
4900,0.080424921,0,1902.22
4901,0.057191767,0.000796111,2039.74
4902,0.043331762,0.094348264,2240.89
4903,0.056264689,0.287972857,2615.72
4904,0.124229391,0.25876659,2952.24
4905,0.228930695,0.197033244,3173.55
4906,0.265207836,0.254785627,3308.07
4907,0.568614293,0.223367673,3438.9
4908,0.176616876,0.352415338,3525.99
4909,0.111321573,0.270991494,3560.84
4910,0.129378694,0.481139054,3407.85
4911,0.070733752,0.395007573,3307.05
4912,0.106659806,0.251614099,3234.25
4913,0.268094007,0.412047047,3209.37
4914,0.28259679,0.409939481,3113.45
4915,0.177643374,0.136273371,2949.17
4916,0.240347149,0.00268662,2826.11
4917,0.272615966,0,2726.91
4918,0.261540188,0,2521.3
4919,0.308712088,0,2272.69
4920,0.283363725,0,2108.96
4921,0.28661087,0,1997.26
4922,0.300362192,0,1994.38
4923,0.308025764,0,1975.68
4924,0.31282182,0,1993.09
4925,0.324950545,0.000378957,2130.55
4926,0.356809252,0.099156815,2318.31
4927,0.381950875,0.162373956,2562.43
4928,0.383101751,0.33087913,2745.17
4929,0.419470942,0.46630148,2905.67
4930,0.374568606,0.455233686,2997.91
4931,0.420191,0.503809506,3064.07
4932,0.438774792,0.55139507,3101.5
4933,0.599521616,0.541531888,3123.14
4934,0.634562739,0.248522151,3041.23
4935,0.618057532,0.149962035,2970.33
4936,0.645655762,0.141464917,2942.75
4937,0.469704381,0.079609352,2914.96
4938,0.303007684,0.050185716,2751.39
4939,0.192974093,0.017932431,2600.54
4940,0.207323249,0.000184192,2548.7
4941,0.508459331,0,2477.67
4942,0.464572436,0,2300.48
4943,0.367791053,0,2041.79
4944,0.359389972,0,1872.85
4945,0.248622873,0,1766.82
4946,0.123414105,0,1710.48
4947,0.141005256,0,1711.02
4948,0.150867199,0,1751.07
4949,0.136243058,0.001338335,1847.89
4950,0.161788002,0.142163963,2082.34
4951,0.064952145,0.421590076,2453.77
4952,0.059860878,0.571641725,2691.46
4953,0.054846513,0.676024513,2853.81
4954,0.103923367,0.909990201,2977.49
4955,0.091913015,0.903318504,3124.48
4956,0.135145687,0.892982977,3246.53
4957,0.210051741,0.891764496,3348.15
4958,0.284288371,0.895329761,3346.15
4959,0.357225191,0.896282756,3323.1
4960,0.446353655,0.87350014,3327.13
4961,0.523513993,0.486816535,3269.64
4962,0.55830517,0.364962494,3151.54
4963,0.654998743,0.141579295,3007.6
4964,0.735223684,0.001846711,2924.98
4965,0.68736052,0,2839.7
4966,0.626742648,0,2621.22
4967,0.385161505,0,2352.61
4968,0.245278416,0,2167.79
4969,0.213560974,0,2027.09
4970,0.287706276,0,1935.39
4971,0.355045427,0,1915.4
4972,0.42054949,0,1960.51
4973,0.470688915,0.002326006,2047.51
4974,0.450975118,0.187112801,2281.63
4975,0.313558451,0.661397738,2746.94
4976,0.285778637,0.880904554,3161.82
4977,0.274539167,0.929789981,3425.78
4978,0.256635412,0.933854686,3610.91
4979,0.248959625,0.918741576,3761.26
4980,0.268782583,0.902794275,3814.7
4981,0.296265017,0.894186985,3738.62
4982,0.292845351,0.892787561,3643.11
4983,0.280706507,0.893852027,3340.17
4984,0.254029523,0.803016902,3125.05
4985,0.255967602,0.635179611,3047.33
4986,0.239179922,0.485145313,2794.54
4987,0.229015118,0.115927227,2608.59
4988,0.293236753,0.002091171,2513.36
4989,0.245857523,0,2422.26
4990,0.186675493,0,2212.81
4991,0.111473363,0,1989.72
4992,0.120261888,0,1830.41
4993,0.089561078,0,1689.63
4994,0.093938413,0,1617.32
4995,0.14474044,0,1603.86
4996,0.164871987,0,1607.49
4997,0.210536434,6.13E-05,1622.4
4998,0.234745642,0.037331426,1683.79
4999,0.144817481,0.340019755,1919.93
5000,0.063458571,0.548354517,2177.59
5001,0.051190374,0.731667084,2345.22
5002,0.031504144,0.731507812,2494.49
5003,0.033734758,0.74124889,2632.72
5004,0.047631265,0.771357732,2720.05
5005,0.094533761,0.7205559,2769.32
5006,0.130883753,0.649372261,2849.37
5007,0.164253932,0.325096451,2920.39
5008,0.277078406,0.307884331,2933.51
5009,0.356119821,0.30588735,2889.78
5010,0.382884737,0.057287706,2839.68
5011,0.401462284,0.013793002,2764.16
5012,0.475158181,0,2759.7
5013,0.49678059,0,2701.5
5014,0.496211381,0,2467.02
5015,0.494870573,0,2196.5
5016,0.457767675,0,1991.18
5017,0.447314452,0,1773.55
5018,0.419458514,0,1691.68
5019,0.412161257,0,1620.93
5020,0.408838532,0,1574.25
5021,0.418546608,0,1606.29
5022,0.416222914,0.01656557,1528.77
5023,0.402294571,0.166821485,1700.98
5024,0.366334101,0.254473474,1946.87
5025,0.344351043,0.329588095,2119.12
5026,0.404972141,0.305534059,2172.4
5027,0.420126174,0.468828426,2219.74
5028,0.439859932,0.611544482,2293.8
5029,0.43215308,0.579738988,2422.71
5030,0.4885655,0.535993227,2498.74
5031,0.547874729,0.571787976,2536.53
5032,0.643836964,0.533641697,2539.63
5033,0.622268876,0.282090228,2567.96
5034,0.675581167,0.156278193,2533.88
5035,0.51878005,0.018933328,2453.01
5036,0.237169885,0,2439.4
5037,0.511886721,0,2388.78
5038,0.697769252,0,2182.94
5039,0.641722295,0,1926.7
5040,0.661190688,0,1752.35
5041,0.686238349,0,1782.09
5042,0.701944828,0,1742.13
5043,0.674230267,0,1700.39
5044,0.653021311,0,1722.71
5045,0.672325814,4.55E-05,1794.02
5046,0.671393664,0.142885949,2035.09
5047,0.609466315,0.584516179,2442.28
5048,0.533417287,0.811288687,2767.06
5049,0.521608209,0.878648565,3025.51
5050,0.482279101,0.911880188,3085.52
5051,0.497030883,0.903134,3094.6
5052,0.485627355,0.890315976,3119.94
5053,0.477624215,0.885573051,3064.05
5054,0.509979135,0.89127167,2918.59
5055,0.540208535,0.895112991,2777.39
5056,0.573007416,0.883759767,2688.36
5057,0.578213859,0.8320365,2717.47
5058,0.543097213,0.628316348,2607.92
5059,0.482630712,0.184759317,2485.44
5060,0.583494333,0.002695856,2354.03
5061,0.619993193,0,2267.75
5062,0.615260013,0,2068.41
5063,0.531039088,0,1831.66
5064,0.471318693,0,1695.62
5065,0.491299207,0,1599.88
5066,0.402880132,0,1551.62
5067,0.338950436,0,1558.85
5068,0.220171074,0,1609.49
5069,0.189938599,0,1685.75
5070,0.129011903,0.157024819,1906.81
5071,0.109406424,0.604942929,2340.75
5072,0.012933367,0.833484705,2694.25
5073,0.0025121,0.885163016,2947.39
5074,0.016588665,0.893341651,3086.13
5075,0.036251297,0.881924927,3191.14
5076,0.049724094,0.87213009,3245.24
5077,0.088004233,0.871631158,3309.18
5078,0.113923402,0.878096066,3243.45
5079,0.146414728,0.88212625,3145.42
5080,0.220975829,0.832031345,3070.99
5081,0.32776474,0.663413729,3000.82
5082,0.440070623,0.53185031,2797.58
5083,0.416393882,0.14554628,2601.44
5084,0.621175298,0.001081639,2561.94
5085,0.642723043,0,2507.76
5086,0.681780018,0,2272.49
5087,0.689931764,0,2014.05
5088,0.696170179,0,1869.35
5089,0.65092366,0,1770.43
5090,0.598679835,0,1722.07
5091,0.498816658,0,1718.4
5092,0.47173542,0,1774.52
5093,0.457587464,0,1889.08
5094,0.401298403,0.128630664,2082.5
5095,0.212784267,0.544280025,2473.7
5096,0.10383919,0.800085221,2724.41
5097,0.069349292,0.858391123,2944.07
5098,0.075574676,0.867744249,3023.73
5099,0.104210209,0.860290845,3244.54
5100,0.156912326,0.734513336,3454.91
5101,0.191897477,0.721342219,3437.55
5102,0.282405911,0.751126994,3222.52
5103,0.368766485,0.582177231,3164.09
5104,0.562557248,0.43236388,3312.32
5105,0.744173562,0.527677001,3393.46
5106,0.706662161,0.33367261,3227.2
5107,0.624420056,0.07813995,3025.28
5108,0.550948171,0.000150979,2954.44
5109,0.607722922,0,2839.27
5110,0.560833958,0,2614.71
5111,0.576936945,0,2351.78
5112,0.607147781,0,2169.57
5113,0.659078264,0,2043.36
5114,0.617089313,0,1983.78
5115,0.518097809,0,1939.12
5116,0.428674813,0,1944.17
5117,0.380589721,0,2044.94
5118,0.273017311,0.12083926,2252.17
5119,0.313777411,0.521489938,2709.22
5120,0.240475285,0.757728123,3116.58
5121,0.213124749,0.864579591,3371.21
5122,0.235243761,0.894352448,3526.41
5123,0.229853094,0.885555171,3664.77
5124,0.245059492,0.884553262,3711.67
5125,0.252828164,0.88181418,3657
5126,0.274157009,0.872662369,3534.49
5127,0.30609407,0.831106943,3423.94
5128,0.354649749,0.816189286,3385.89
5129,0.423810555,0.79867672,3425.44
5130,0.484088728,0.570579388,3220.77
5131,0.486100219,0.147102118,2995.33
5132,0.588679306,3.41E-06,2919.41
5133,0.687046283,0,2782.91
5134,0.666267246,0,2494.32
5135,0.584098641,0,2243.45
5136,0.513639106,0,2067.74
5137,0.424562122,0,1970.32
5138,0.307641762,0,1870.9
5139,0.259256969,0,1866.69
5140,0.207874847,0,1907.26
5141,0.175332249,0,2023.5
5142,0.121056236,0.114417693,2243.02
5143,0.118531852,0.451428407,2695.82
5144,0.041428588,0.77056448,3069.2
5145,0.024225497,0.764087411,3276.54
5146,0.018448455,0.857738218,3347.36
5147,0.036770749,0.869975499,3456.49
5148,0.055689233,0.842565361,3488.07
5149,0.063091704,0.644101298,3380.12
5150,0.130189658,0.397513988,3195.68
5151,0.160948702,0.176471525,2895.02
5152,0.220015732,0.0702646,2754.01
5153,0.318908978,0.04949923,2867.73
5154,0.301325157,0.031566733,2889.56
5155,0.240142076,0.011196497,2808.69
5156,0.172582156,0,2753.36
5157,0.095635363,0,2645.47
5158,0.347789601,0,2400.2
5159,0.345732842,0,2165.97
5160,0.306017725,0,2011.57
5161,0.170629288,0,1891.76
5162,0.093693235,0,1810.87
5163,0.079608636,0,1778.54
5164,0.099521936,0,1779.55
5165,0.15382969,0,1827.21
5166,0.228776654,0.03233957,1876.37
5167,0.255352325,0.386868205,2067.69
5168,0.209221601,0.783878561,2200.02
5169,0.18069501,0.858375499,2187.17
5170,0.218193057,0.810011915,2190.33
5171,0.272255924,0.698885843,2187.16
5172,0.210454276,0.608016609,2236.03
5173,0.165845156,0.544976974,2330.18
5174,0.111467721,0.711282991,2515.24
5175,0.098179096,0.861628706,2713.99
5176,0.092087156,0.847172998,2830.69
5177,0.1284468,0.689703447,2897.37
5178,0.133172957,0.489337527,2890.91
5179,0.156269633,0.121689705,2865.68
5180,0.161788751,0,2864.26
5181,0.186543268,0,2807.65
5182,0.144075496,0,2541.34
5183,0.122143922,0,2260.54
5184,0.090306376,0,2080.83
5185,0.086440313,0,1857.86
5186,0.071209344,0,1775.44
5187,0.115736104,0,1714.25
5188,0.105355122,0,1666.93
5189,0.091761335,0,1711.64
5190,0.125563676,0.09889608,1648.61
5191,0.106578511,0.483171524,1881.67
5192,0.050119287,0.75922459,2222.03
5193,0.035098468,0.832764896,2461.31
5194,0.023847999,0.855627971,2577.23
5195,0.048346459,0.855161791,2676.56
5196,0.080119454,0.848571331,2793.56
5197,0.147513521,0.839353989,2869.51
5198,0.188503185,0.838224995,2892.15
5199,0.236772004,0.834926638,2907.49
5200,0.339606219,0.808671479,2907.82
5201,0.390144923,0.744139413,2902.97
5202,0.418681864,0.490913711,2850.35
5203,0.396648154,0.108959632,2819
5204,0.461711497,0,2785.2
5205,0.43042128,0,2780.12
5206,0.437914055,0,2562.36
5207,0.452983377,0,2293.36
5208,0.48666706,0,2154.87
5209,0.389004401,0,2179.96
5210,0.373455775,0,2156.94
5211,0.37433278,0,2125.95
5212,0.340520993,0,2133.9
5213,0.303537918,0,2210.65
5214,0.279733331,0.092202786,2404.32
5215,0.187245074,0.360508893,2847.94
5216,0.132666703,0.455575924,3228.62
5217,0.177156558,0.701092463,3529.24
5218,0.240236979,0.676694717,3780.51
5219,0.282673113,0.635745007,3882.42
5220,0.409686148,0.722134808,3943.64
5221,0.476925399,0.707201458,3933.67
5222,0.567192637,0.569310517,3886.79
5223,0.622310418,0.48530433,3847.2
5224,0.671628597,0.352565698,3827.12
5225,0.696834356,0.141874687,3754.46
5226,0.698165944,0.048263448,3456.68
5227,0.707641651,0.006602907,3298.5
5228,0.712510889,0,3196.57
5229,0.713616182,0,3094.14
5230,0.716892672,0,2833.65
5231,0.743030645,0,2568.72
5232,0.741392401,0,2401.32
5233,0.742951526,0,2265.97
5234,0.748720932,0,2167.15
5235,0.742668293,0,2143.21
5236,0.756288069,0,2155.13
5237,0.783639351,0,2252.55
5238,0.791095551,0.037393192,2480.05
5239,0.7930274,0.143109818,2921.29
5240,0.773436894,0.156708134,3319.66
5241,0.714316239,0.497178511,3612.66
5242,0.692203817,0.692384326,3776.7
5243,0.722526174,0.788156954,3916.8
5244,0.65062311,0.753116511,3995.33
5245,0.532754563,0.606832961,3911.88
5246,0.390628974,0.713713058,3875.55
5247,0.386505375,0.669593233,3724.25
5248,0.400849064,0.505193802,3656.57
5249,0.400513237,0.439664299,3578.17
5250,0.429896444,0.315923299,3280.8
5251,0.515263951,0.041039814,3039.32
5252,0.603024587,0,2869.73
5253,0.530500448,0,2761.71
5254,0.383107376,0,2514.83
5255,0.376326022,0,2278.13
5256,0.417389514,0,2132.1
5257,0.380753654,0,2025.44
5258,0.389732673,0,1958.45
5259,0.374561188,0,1935.7
5260,0.465206099,0,1962.93
5261,0.457603902,0,2065.13
5262,0.403906646,0.055583534,2290.1
5263,0.241254639,0.279232043,2689.95
5264,0.141215509,0.586248539,3070.39
5265,0.211651624,0.788585622,3363.21
5266,0.196280473,0.858448913,3579.46
5267,0.230964504,0.848347514,3751.13
5268,0.290760106,0.839537907,3847.2
5269,0.322652727,0.834538398,3868.51
5270,0.321280416,0.802427652,3813.21
5271,0.331955437,0.822558317,3751.93
5272,0.30721335,0.671371101,3728.11
5273,0.364226254,0.692030404,3669.44
5274,0.474359652,0.427103766,3381.79
5275,0.473221754,0.083857025,3162.12
5276,0.570395059,0,3117.34
5277,0.344685433,0,2997.7
5278,0.140433862,0,2772.03
5279,0.059361177,0,2524.27
5280,0.049689367,0,2322.54
5281,0.065098629,0,2193.47
5282,0.071762458,0,2094.64
5283,0.071365418,0,1955.92
5284,0.072728633,0,1972.23
5285,0.05988251,0,2048.27
5286,0.074303957,0.083098137,2277.24
5287,0.099920864,0.445723544,2670.87
5288,0.096443925,0.722617142,3063.86
5289,0.158338653,0.806339136,3362.86
5290,0.221996231,0.78925008,3565.33
5291,0.255892859,0.538382021,3705.61
5292,0.360413296,0.371132544,3726.52
5293,0.465180249,0.325692734,3679.65
5294,0.605230987,0.124852409,3613.02
5295,0.697055074,0.117212016,3519.86
5296,0.657164145,0.04923784,3549.1
5297,0.489214793,0.134664651,3535.27
5298,0.410126294,0.203894572,3339.66
5299,0.393515207,0.033808523,3139.91
5300,0.449789529,0,3010.84
5301,0.341791582,0,2873.72
5302,0.150384338,0,2623.37
5303,0.064753397,0,2325.74
5304,0.161364574,0,2132.26
5305,0.293489676,0,1969.76
5306,0.382354174,0,1870.98
5307,0.376398447,0,1834
5308,0.459363622,0,1851.07
5309,0.513130431,0,1921.73
5310,0.525130426,0.092910389,2166.25
5311,0.526667346,0.500338979,2573.26
5312,0.447488247,0.797130741,2916.81
5313,0.3256627,0.862789557,3206.16
5314,0.311735612,0.877908647,3404.44
5315,0.339271955,0.867429041,3571.82
5316,0.357371722,0.755890778,3738.68
5317,0.430610452,0.712245993,3680.54
5318,0.510306591,0.473212901,3606.99
5319,0.556707327,0.497008351,3573.38
5320,0.56061378,0.801800692,3481.56
5321,0.555567645,0.793802009,3352.65
5322,0.587492218,0.521568822,3114.79
5323,0.608736048,0.106537628,2945.42
5324,0.698474735,0,2895.1
5325,0.681723175,0,2761.24
5326,0.6697233,0,2545.19
5327,0.489030344,0,2274.88
5328,0.485054088,0,2122.02
5329,0.493586455,0,2003.07
5330,0.555911482,0,1875.29
5331,0.418767549,0,1764.03
5332,0.333110016,0,1742.6
5333,0.271786195,0,1765.67
5334,0.252927447,0.09733127,1838.1
5335,0.191294217,0.534237427,1957.99
5336,0.108937725,0.860374959,2056.87
5337,0.142397627,0.924965935,2061.25
5338,0.157101335,0.933037626,2113.69
5339,0.211444684,0.919271317,2180.05
5340,0.264967309,0.903772702,2248.53
5341,0.341872416,0.89778227,2249.44
5342,0.431750392,0.860199514,2285.25
5343,0.467734187,0.861778177,2290.98
5344,0.446966684,0.848407762,2231.4
5345,0.42299065,0.678405324,2212.44
5346,0.433010834,0.555513017,2205.07
5347,0.415896654,0.115581624,2186.03
5348,0.464370262,0,2304.59
5349,0.478880886,0,2307.48
5350,0.483367291,0,2095.03
5351,0.467927092,0,1866.32
5352,0.44869939,0,1739.29
5353,0.283342546,0,1581.34
5354,0.259841424,0,1535.32
5355,0.195386611,0,1485.08
5356,0.138042729,0,1483.73
5357,0.1820673,0,1557.85
5358,0.172495666,0.10764638,1509.8
5359,0.243488038,0.55995406,1672.51
5360,0.206904034,0.861616174,1923.71
5361,0.221867399,0.918753553,2064.02
5362,0.2092216,0.924625979,2143.11
5363,0.238303052,0.909515709,2237.51
5364,0.252439581,0.892219523,2428.63
5365,0.257986453,0.887276799,2537.13
5366,0.271588045,0.888505056,2578.77
5367,0.243805183,0.892401311,2593.43
5368,0.233480267,0.880670619,2649.63
5369,0.2238968,0.827502525,2671.76
5370,0.201096301,0.546821594,2601.53
5371,0.18195689,0.107945647,2553.87
5372,0.259353241,0,2511.34
5373,0.34486082,0,2430.26
5374,0.446342466,0,2250.82
5375,0.472508563,0,2001.7
5376,0.396684802,0,1851.29
5377,0.3230382,0,1864.33
5378,0.243898127,0,1838.63
5379,0.166609313,0,1820.08
5380,0.073577979,0,1852.94
5381,0.040674933,0,1927.38
5382,0.029274036,0.052373767,2136.28
5383,0.023434028,0.309232685,2442.55
5384,0.000456951,0.467193302,2659.87
5385,0,0.643448502,2748.54
5386,8.35E-07,0.763115454,2779.6
5387,0.005244696,0.760654967,2825.15
5388,0.031424809,0.81137693,2788.86
5389,0.085137081,0.769078091,2733.19
5390,0.12693237,0.655112211,2653.82
5391,0.187795031,0.653583677,2581.29
5392,0.280011337,0.43337445,2557.37
5393,0.310141776,0.207861974,2566.03
5394,0.347713845,0.079125767,2538.32
5395,0.39032065,0.012110083,2535.41
5396,0.519898002,0,2509.73
5397,0.518693403,0,2393.5
5398,0.487545304,0,2175.55
5399,0.444316156,0,1957.03
5400,0.355444964,0,1773.39
5401,0.308668578,0,1688.94
5402,0.271080464,0,1654.78
5403,0.269826114,0,1639.84
5404,0.239665183,0,1677.54
5405,0.270158687,0,1785.08
5406,0.349592983,0.004500404,2028.85
5407,0.489623666,0.017307176,2408.49
5408,0.519889335,0.022981184,2747.4
5409,0.619819705,0.044106201,3015.18
5410,0.624392026,0.077159905,3171.42
5411,0.638783071,0.172090768,3270.4
5412,0.579686984,0.274056553,3362.64
5413,0.452470698,0.198420083,3397.17
5414,0.449921861,0.169863952,3333.88
5415,0.423080952,0.091663162,3026.43
5416,0.5124534,0.074352261,2754.4
5417,0.62628255,0.06667656,2736.14
5418,0.40397825,0.057320172,2712.46
5419,0.395704849,0.012326552,2566.57
5420,0.380638888,0,2547
5421,0.521920652,0,2462.67
5422,0.51180208,0,2223.1
5423,0.405312422,0,1967.01
5424,0.472122433,0,1792.1
5425,0.521931808,0,1692.86
5426,0.552093013,0,1645.06
5427,0.553534975,0,1632.23
5428,0.420387424,0,1660.51
5429,0.305778777,0,1762.08
5430,0.316756816,0.021441472,2005.56
5431,0.299013039,0.133760473,2383.82
5432,0.354066021,0.171528948,2769.17
5433,0.337526164,0.169482923,3063.03
5434,0.140079554,0.264467766,3239.65
5435,0.129831876,0.303480254,3446.21
5436,0.166646018,0.282673604,3570.53
5437,0.149028199,0.369245498,3586.33
5438,0.239050318,0.461700923,3537.77
5439,0.356840171,0.546872088,3495.49
5440,0.420024818,0.566188796,3464.19
5441,0.387315598,0.250982246,3456.75
5442,0.30887024,0.215903303,3272.64
5443,0.242533721,0.029368824,3109.75
5444,0.285777579,0,3034.05
5445,0.341432235,0,2942.68
5446,0.289157555,0,2686.57
5447,0.297671034,0,2434.39
5448,0.268543582,0,2219.52
5449,0.236036812,0,2100.03
5450,0.294417211,0,1991.57
5451,0.211185892,0,1979.76
5452,0.200624227,0,1989.28
5453,0.197246033,0,2042.6
5454,0.160796505,0.004322989,2258.46
5455,0.17085393,0.080860947,2627.42
5456,0.15668603,0.208050523,2953.28
5457,0.186837846,0.192250306,3243.1
5458,0.175638202,0.349860664,3463.7
5459,0.197389398,0.549379486,3680.88
5460,0.197727829,0.520616125,3789.5
5461,0.270811002,0.512861733,3766.03
5462,0.298717618,0.609288212,3704.64
5463,0.250898479,0.615849519,3685.39
5464,0.189612839,0.645717358,3609.84
5465,0.072456273,0.65750311,3538.09
5466,0.054401781,0.456667388,3337.27
5467,0.009974586,0.07946118,3133.28
5468,0.041552149,0,3079.46
5469,0.14127192,0,2985.77
5470,0.166645141,0,2736.04
5471,0.145807441,0,2471.26
5472,0.137559377,0,2305.86
5473,0.132533477,0,2217.33
5474,0.164914395,0,2120.49
5475,0.175106937,0,2072.32
5476,0.134084951,0,2099.46
5477,0.143204796,0,2169.2
5478,0.096927067,0.079336435,2365.27
5479,0.105406094,0.497052745,2781.74
5480,0.047069442,0.806157245,3190.17
5481,0.020538489,0.872004938,3442.06
5482,0.025484357,0.884899246,3632.97
5483,0.029359376,0.706672713,3768.28
5484,0.046885886,0.806142964,3775.04
5485,0.059588287,0.840501886,3802.63
5486,0.09081419,0.828841093,3705.25
5487,0.11841203,0.871364741,3683.27
5488,0.180212424,0.862463421,3651.29
5489,0.244743411,0.789332644,3529.77
5490,0.294567664,0.474201213,3280.96
5491,0.37258406,0.07195855,3131.03
5492,0.511464799,0,3130.37
5493,0.556153489,0,2907.35
5494,0.563843057,0,2547.45
5495,0.580896278,0,2248.74
5496,0.596071878,0,2058.71
5497,0.603144859,0,1901.6
5498,0.566133356,0,1818.26
5499,0.566892595,0,1802.22
5500,0.590174057,0,1812.9
5501,0.542126412,0,1833.24
5502,0.565955748,0.021101876,1885.97
5503,0.503571666,0.103916939,2011.94
5504,0.373374403,0.067998374,2143.24
5505,0.345320204,0.113103238,2241.34
5506,0.294700879,0.323570375,2439.15
5507,0.30012107,0.616642612,2642.95
5508,0.259021941,0.756463744,2777.02
5509,0.38301354,0.76720081,2859.38
5510,0.490166694,0.767162466,2890.98
5511,0.535990678,0.831044773,2997.85
5512,0.614109608,0.781176158,2987.27
5513,0.713371966,0.531241252,2950.5
5514,0.713882293,0.202035442,2731.98
5515,0.591573289,0.019262989,2539.59
5516,0.122760781,0,2554.09
5517,0.155188756,0,2495.88
5518,0.351430842,0,2245.66
5519,0.384539481,0,1960.89
5520,0.474351566,0,1798.16
5521,0.532963087,0,1632.95
5522,0.476100925,0,1581.03
5523,0.506496493,0,1541.95
5524,0.415998527,0,1528.22
5525,0.277873959,0,1575.04
5526,0.213837779,0.01734562,1503.53
5527,0.191336378,0.136666091,1578.49
5528,0.064178687,0.287121394,1724.1
5529,0.024359899,0.239459394,1784.64
5530,0.081010718,0.452760783,1750.38
5531,0.116244705,0.721760931,1746.94
5532,0.168918451,0.820648971,1749.8
5533,0.190488331,0.821848093,1785.18
5534,0.26135985,0.821722863,1780.84
5535,0.347659332,0.812071339,1779.45
5536,0.401439411,0.760624726,1818.61
5537,0.359790359,0.5797703,1910.27
5538,0.332553208,0.202561435,1926.08
5539,0.225749913,0.020385288,1935.59
5540,0.218629974,0,2003.28
5541,0.267185599,0,2016.87
5542,0.38814607,0,1852.53
5543,0.265822314,0,1641.57
5544,0.031945848,0,1469.34
5545,0.021865022,0,1511.18
5546,0.039001108,0,1528.38
5547,0.049020994,0,1535.25
5548,0.234352538,0,1564.78
5549,0.119261284,0,1663.29
5550,0.009004588,0.044013452,1877.52
5551,0.002607475,0.383464568,2177.9
5552,0.00564618,0.747807141,2425.29
5553,0.005630865,0.832713828,2545.93
5554,0.011031652,0.853322896,2597.5
5555,0.021854761,0.852202166,2689.53
5556,0.026768543,0.842198776,2739.05
5557,0.058301655,0.841779337,2733.7
5558,0.076762475,0.84947062,2658.12
5559,0.160041936,0.851729037,2591.07
5560,0.19083955,0.823467651,2658.14
5561,0.23175284,0.727381396,2682.36
5562,0.293037483,0.398801164,2614.61
5563,0.325900333,0.047416477,2467.7
5564,0.406142939,0,2430.22
5565,0.435421026,0,2349.69
5566,0.441945823,0,2137.62
5567,0.460830414,0,1870.14
5568,0.475396685,0,1713.07
5569,0.472340038,0,1624.91
5570,0.443695545,0,1562.16
5571,0.427115066,0,1552.22
5572,0.402903139,0,1569.24
5573,0.404132121,0,1653.86
5574,0.436085846,0.019523966,1893.21
5575,0.401277189,0.258987697,2241.37
5576,0.305240504,0.389695209,2544.92
5577,0.386863923,0.499971622,2712.16
5578,0.499618012,0.614723624,2816.7
5579,0.50526759,0.616538852,3003.09
5580,0.591534568,0.536220785,3136.02
5581,0.683172452,0.575339679,3118.45
5582,0.757998716,0.734196508,3072.51
5583,0.770910127,0.530716626,2992.46
5584,0.733590069,0.271372755,2917.96
5585,0.706329559,0.079376964,2838.48
5586,0.557046393,0.019567821,2705.16
5587,0.677347131,0.001855554,2608.66
5588,0.76187464,0,2568.25
5589,0.667827774,0,2474.72
5590,0.661742616,0,2244.71
5591,0.619090636,0,1980.01
5592,0.498696151,0,1816.3
5593,0.584354331,0,1712.84
5594,0.515021041,0,1659.09
5595,0.483368842,0,1685.84
5596,0.445209319,0,1722.13
5597,0.522834475,0,1814.57
5598,0.580997368,0.037173578,2077.87
5599,0.666809105,0.326214884,2447.54
5600,0.560639329,0.844024589,2750.44
5601,0.504028587,0.92534076,2999.92
5602,0.457423975,0.936523859,3119.64
5603,0.463810355,0.919329481,3202.47
5604,0.45762605,0.899885704,3286.46
5605,0.46584047,0.89546401,3288.49
5606,0.486541891,0.901095532,3275.04
5607,0.477151568,0.905545498,3209.66
5608,0.504693833,0.888191634,3222.9
5609,0.519813788,0.763945736,3231.95
5610,0.467983797,0.405011851,3051.13
5611,0.421818542,0.054299486,2885.82
5612,0.443245076,0,2726.09
5613,0.421417551,0,2541.16
5614,0.469087976,0,2307.16
5615,0.556644296,0,2033.09
5616,0.639568328,0,1861.78
5617,0.693897531,0,1726.49
5618,0.657755315,0,1666.27
5619,0.623187556,0,1653.69
5620,0.565979413,0,1676.45
5621,0.47291613,0,1757.51
5622,0.375431963,0.07118293,1944.11
5623,0.244620753,0.516521297,2214.53
5624,0.16966933,0.869930074,2425.88
5625,0.099961801,0.929016549,2616.75
5626,0.102040981,0.926602874,2768.9
5627,0.120915776,0.903399742,2867.21
5628,0.150022137,0.884514224,3010.46
5629,0.121212778,0.879336139,2994.59
5630,0.156073653,0.861648522,2940
5631,0.194013624,0.843837936,2914.43
5632,0.204731807,0.620903922,2915.52
5633,0.211912357,0.606921833,2915.86
5634,0.198177344,0.387612391,2748.03
5635,0.279396533,0.051308213,2633.58
5636,0.456878905,0,2566.73
5637,0.513414876,0,2449.1
5638,0.55776678,0,2202.75
5639,0.593939821,0,1932.74
5640,0.647946799,0,1749.99
5641,0.650222791,0,1607.74
5642,0.65980595,0,1538.1
5643,0.661433413,0,1532.23
5644,0.637321683,0,1577.42
5645,0.640629597,0,1647.29
5646,0.627411947,0.057955377,1873.8
5647,0.56023112,0.426023478,2213.01
5648,0.38921668,0.709358154,2532.23
5649,0.388975528,0.702893587,2785.82
5650,0.433719236,0.74065192,2967.75
5651,0.529803292,0.721677201,3128.13
5652,0.590809607,0.753122352,3271.76
5653,0.642565308,0.76319859,3269.87
5654,0.663698247,0.775247435,3200.18
5655,0.722640153,0.802801714,3172.62
5656,0.740690939,0.825987961,3170.97
5657,0.770500289,0.749402023,3143.61
5658,0.78999696,0.379634976,2936.37
5659,0.782166319,0.034817529,2741.81
5660,0.787065426,0,2643.71
5661,0.786203835,0,2513.77
5662,0.784556727,0,2280.18
5663,0.7943086,0,1996.92
5664,0.797807962,0,1829.52
5665,0.800352815,0,1697.86
5666,0.797783543,0,1599.63
5667,0.789248487,0,1579.47
5668,0.790290676,0,1569.43
5669,0.799292497,0,1587.68
5670,0.798886574,0.02477973,1661.41
5671,0.792379529,0.151715945,1797.77
5672,0.798416647,0.336806499,2074.72
5673,0.799144422,0.347616043,2218.6
5674,0.79611787,0.213198561,2318.64
5675,0.794180579,0.154330799,2436.52
5676,0.791090995,0.243904164,2501.45
5677,0.783948218,0.308839946,2540.21
5678,0.784061786,0.245572812,2504.52
5679,0.801026865,0.189354012,2518.09
5680,0.800474072,0.156317636,2541.39
5681,0.803999498,0.191698931,2600.47
5682,0.804521264,0.173549965,2541.22
5683,0.802691417,0.013040376,2447.49
5684,0.797173037,0,2457.56
5685,0.785498352,0,2396.26
5686,0.769244076,0,2134.93
5687,0.750766293,0,1880.14
5688,0.665183742,0,1700.59
5689,0.580286163,0,1531.58
5690,0.369080395,0,1474.3
5691,0.370555762,0,1442
5692,0.43663465,0,1445.52
5693,0.394271175,0,1491.37
5694,0.209311056,0.026487695,1433.13
5695,0.048169601,0.392140013,1585.73
5696,0.017750343,0.741610733,1849.66
5697,0.008562469,0.828975371,2088.14
5698,0.001477072,0.839218348,2161.66
5699,0.005464974,0.780194098,2233.34
5700,0.004313775,0.662675224,2419.3
5701,0.039170771,0.629520277,2465.94
5702,0.030561722,0.67801845,2541.97
5703,0.044776954,0.8164971,2541.68
5704,0.046901516,0.777044481,2436.57
5705,0.047967676,0.645416477,2425.17
5706,0.106373209,0.226316048,2404.62
5707,0.238081301,0.01268931,2452.03
5708,0.234632662,0,2462.58
5709,0.274995342,0,2421.43
5710,0.224381896,0,2217.87
5711,0.142436403,0,1972.77
5712,0.118480581,0,1829.61
5713,0.085916525,0,1874.26
5714,0.04893195,0,1844.76
5715,0.032357016,0,1813.8
5716,0.013061081,0,1849.56
5717,0.001919919,0,1927.03
5718,0.000242478,0.004365457,2170.61
5719,0.005319995,0.040796074,2557.95
5720,0.023402747,0.08633653,2923.79
5721,0.094964049,0.166196382,3196.07
5722,0.230236061,0.193644906,3383.86
5723,0.130087271,0.262178499,3623.82
5724,0.111748798,0.313300437,3790.22
5725,0.280518224,0.332445431,3803.34
5726,0.399241435,0.249074488,3709.34
5727,0.391894186,0.138596553,3646.8
5728,0.388288901,0.080726837,3591.57
5729,0.456315719,0.049139575,3566.21
5730,0.610807742,0.02449313,3326.93
5731,0.690918679,0.002742124,3144.78
5732,0.781752377,0,3086.47
5733,0.800366246,0,2983.59
5734,0.80483846,0,2743.16
5735,0.793233245,0,2541.68
5736,0.800687732,0,2353.65
5737,0.761826335,0,2190.05
5738,0.70441025,0,2123.78
5739,0.396801672,0,2072.2
5740,0.112236851,0,2110.18
5741,0.105794395,0,2218.21
5742,0.036527104,0.000324204,2479.7
5743,0.081987139,0.009824089,2963.44
5744,0.082699682,0.028990189,3351.47
5745,0.034720938,0.129238548,3652.08
5746,0,0.204697335,3890.52
5747,0,0.295278822,4056.41
5748,0.017027256,0.250032592,4118.01
5749,0.082249243,0.207852218,4172.31
5750,0.158625776,0.133603479,4059.53
5751,0.366543184,0.15335695,3998.07
5752,0.387264919,0.138807823,3939.88
5753,0.383135388,0.11693915,3827.12
5754,0.38115017,0.177643412,3583.32
5755,0.377298112,0.021535255,3419.23
5756,0.376944335,0,3279.6
5757,0.531928708,0,3213.28
5758,0.585804365,0,2984.26
5759,0.672124075,0,2739.64
5760,0.796870525,0,2532.57
5761,0.77968616,0,2374.77
5762,0.745284083,0,2291.72
5763,0.729026712,0,2288.17
5764,0.671221773,0,2306.35
5765,0.596839946,0,2411.89
5766,0.434827317,0.052343242,2641.21
5767,0.345513668,0.47506855,3140.11
5768,0.185017907,0.852806758,3532.04
5769,0.150989495,0.92136944,3786.79
5770,0.096033211,0.916825613,3981.59
5771,0.066423848,0.893636605,4138.24
5772,0.054195091,0.871124067,4185.03
5773,0.065067221,0.866244205,4116.34
5774,0.076050548,0.841181955,4051.4
5775,0.066225597,0.875022114,4009.42
5776,0.078909504,0.845418998,3907.42
5777,0.070130849,0.588386163,3833.12
5778,0.052591957,0.315456842,3582.2
5779,0.065831048,0.028597924,3422.42
5780,0.051231156,0,3292.3
5781,0.029598186,0,3177.37
5782,0.02530634,0,2946.43
5783,0.02538135,0,2728.84
5784,0.045403158,0,2563.46
5785,0.049165631,0,2429.14
5786,0.078021308,0,2336.67
5787,0.106290835,0,2325.48
5788,0.150974693,0,2367.45
5789,0.208105188,0,2454.66
5790,0.208856456,0.04530472,2665.34
5791,0.191082007,0.463997409,3099.87
5792,0.106781936,0.856881852,3403.39
5793,0.056984046,0.921498194,3665.21
5794,0.031472438,0.914165925,3787.56
5795,0.027723531,0.886833563,3904.8
5796,0.013753213,0.863232359,3996.31
5797,0.012629003,0.857124649,3955.37
5798,0.010657225,0.864246926,3801.44
5799,0.010594175,0.87684353,3609.26
5800,0.023792071,0.863714069,3640.44
5801,0.044331566,0.762888531,3612.6
5802,0.058406246,0.353876177,3366.11
5803,0.18326603,0.024905454,3172.3
5804,0.207964275,0,3004.47
5805,0.160120363,0,2925.19
5806,0.128616877,0,2715.83
5807,0.112696577,0,2428.39
5808,0.096391086,0,2214.83
5809,0.123311311,0,2071.86
5810,0.145849077,0,2003.44
5811,0.158696398,0,1953.74
5812,0.157117811,0,1971.03
5813,0.103139715,0,2073.92
5814,0.052069763,0.037304319,2309.6
5815,0.042402826,0.416691237,2642.4
5816,0.00842113,0.797194025,2814.29
5817,7.83E-05,0.849632414,2885.73
5818,3.90E-05,0.808488342,2953.64
5819,0.000151422,0.846154535,2982.61
5820,0.000191044,0.802252368,3021.14
5821,0.002129236,0.694646517,2936.75
5822,0.015267791,0.746122981,2760.29
5823,0.029863167,0.753802282,2636.21
5824,0.051686761,0.549998492,2552.03
5825,0.075049648,0.41342685,2534.22
5826,0.098630111,0.283892686,2447.25
5827,0.137888404,0.018605128,2371.46
5828,0.2179384,0,2340.55
5829,0.180751092,0,2285.94
5830,0.099118925,0,2094.56
5831,0.03603051,0,1893.12
5832,0.010495833,0,1755.41
5833,0.003706283,0,1607.2
5834,0.000144544,0,1525.51
5835,4.40E-06,0,1529.05
5836,0,0,1533.93
5837,0.002222182,0,1550.95
5838,0.006029119,0.034303425,1629.67
5839,0.012994003,0.397359741,1753.57
5840,0.019447799,0.778402455,1912.56
5841,0.015124479,0.863795977,2080.09
5842,0.040484788,0.867007019,2192.27
5843,0.085639954,0.849558745,2275.06
5844,0.141483654,0.784173497,2314.74
5845,0.174733201,0.740570956,2399.69
5846,0.220335618,0.691500882,2516.3
5847,0.266493927,0.664753427,2613.63
5848,0.225017959,0.452661995,2613.09
5849,0.224955349,0.547673566,2554.89
5850,0.165660137,0.259742429,2514.43
5851,0.153123684,0.019552522,2479.01
5852,0.124023522,0,2490.44
5853,0.16273859,0,2394.65
5854,0.134372542,0,2116.56
5855,0.166625027,0,1891.54
5856,0.18207928,0,1707.35
5857,0.226749621,0,1518.97
5858,0.232686254,0,1462.38
5859,0.252871252,0,1422.85
5860,0.221827974,0,1404.05
5861,0.242421848,0,1464.49
5862,0.273658309,0.033257782,1429.62
5863,0.26201117,0.385190087,1571.43
5864,0.137107451,0.74924429,1876.3
5865,0.117486211,0.845414757,2105.79
5866,0.115285656,0.85524468,2205.71
5867,0.129714683,0.837316116,2262.46
5868,0.116695299,0.822595819,2291.19
5869,0.13891766,0.817605983,2263.79
5870,0.135311786,0.810673068,2297.43
5871,0.098857402,0.832564348,2417.01
5872,0.084572776,0.796625041,2531.33
5873,0.064074422,0.633839945,2533.72
5874,0.098744105,0.240975074,2502.75
5875,0.125324634,0.01123643,2468.62
5876,0.123715179,0,2439.26
5877,0.130917847,0,2348.42
5878,0.135680775,0,2123.44
5879,0.126698924,0,1905.91
5880,0.137714983,0,1772.2
5881,0.159171902,0,1828.48
5882,0.177925786,0,1809.52
5883,0.233666116,0,1821.21
5884,0.242655924,0,1861.84
5885,0.320928006,0,1992.26
5886,0.370372747,0.009291394,2301.71
5887,0.423986696,0.192765146,2707.48
5888,0.282464866,0.569913256,3088.68
5889,0.303467267,0.709632332,3407.63
5890,0.290019179,0.758183641,3651.87
5891,0.345797671,0.766602065,3825.69
5892,0.349042881,0.76176489,3999.89
5893,0.435177762,0.757519177,4021.2
5894,0.490342609,0.744962392,3940.43
5895,0.542644889,0.713007051,3878.42
5896,0.54206963,0.635760842,3798.49
5897,0.54711696,0.472017645,3757
5898,0.596980436,0.15299101,3538.92
5899,0.683592509,0.004864463,3342.42
5900,0.67891654,0,3216.45
5901,0.683230546,0,3072.34
5902,0.715299123,0,2762.09
5903,0.7269862,0,2537.77
5904,0.697203506,0,2389.66
5905,0.679427646,0,2262.66
5906,0.672972181,0,2157.75
5907,0.648884288,0,2149.8
5908,0.596093055,0,2137.4
5909,0.518112515,0,2220.32
5910,0.513595495,0.012021609,2498.82
5911,0.547454382,0.136173664,2869.18
5912,0.440044547,0.508929638,3271.57
5913,0.412642497,0.68099089,3564.07
5914,0.407660459,0.734263964,3797.3
5915,0.415405317,0.739886323,3981.34
5916,0.466366734,0.743349769,4057.17
5917,0.556231992,0.739462409,4040.77
5918,0.63096017,0.717490016,3933.33
5919,0.659935733,0.591235829,3891.3
5920,0.675386887,0.273919331,3840.43
5921,0.76546417,0.232590706,3760.38
5922,0.721364259,0.10306083,3601.23
5923,0.751063127,0.002091285,3398.66
5924,0.765340838,0,3278.11
5925,0.744526392,0,3097.04
5926,0.5548415,0,2806.77
5927,0.232484984,0,2519.55
5928,0.443366613,0,2336.5
5929,0.591908098,0,2196.81
5930,0.702686772,0,2112.89
5931,0.694801643,0,2076.61
5932,0.725226743,0,2092.12
5933,0.714135855,0,2199.13
5934,0.669025053,0.018733009,2520.51
5935,0.600519029,0.271752158,2920.66
5936,0.587035233,0.539015112,3357.73
5937,0.535779006,0.541637638,3676.36
5938,0.487934155,0.714544503,3896.24
5939,0.462761647,0.552713371,3965.37
5940,0.466886956,0.424313538,3932.68
5941,0.516632368,0.34797101,3970.51
5942,0.643168372,0.319280833,3933.43
5943,0.756836807,0.338309249,3887.73
5944,0.772108656,0.324173791,3759.98
5945,0.778164642,0.224566133,3645.34
5946,0.779319882,0.160620071,3470.98
5947,0.785359326,0.005796726,3275.22
5948,0.771154347,0,3107.13
5949,0.754084897,0,2968.1
5950,0.743829578,0,2693.81
5951,0.692993033,0,2458.32
5952,0.598096243,0,2281.19
5953,0.542064489,0,2130.04
5954,0.45040309,0,2075.25
5955,0.330228097,0,2038.77
5956,0.613164869,0,2080.77
5957,0.798185911,0,2213.81
5958,0.803361333,0.001311246,2537.33
5959,0.771675823,0.011758551,2951.15
5960,0.741857057,0.058899415,3340.77
5961,0.732280508,0.079576017,3693.29
5962,0.750753118,0.118553356,3927.55
5963,0.764182226,0.101499709,4082.6
5964,0.734691514,0.130356071,4162.46
5965,0.650978722,0.172934765,4152.01
5966,0.647665804,0.118502964,4093.25
5967,0.64755469,0.102193583,4002
5968,0.665887044,0.098025508,3941.57
5969,0.663889725,0.058078625,3777.71
5970,0.683377466,0.018131237,3459.42
5971,0.700259192,0.000382041,3092.12
5972,0.687980045,0,2972.14
5973,0.712574228,0,2789.61
5974,0.723971735,0,2530.52
5975,0.768234339,0,2243.94
5976,0.760920726,0,2068.74
5977,0.73289224,0,1950.06
5978,0.744548419,0,1881.3
5979,0.757037352,0,1884.84
5980,0.756407677,0,1925.99
5981,0.762378045,0,2013.98
5982,0.786873137,0.02200793,2334.89
5983,0.782905317,0.097275795,2695.19
5984,0.764932822,0.149121117,2894.53
5985,0.764421263,0.090395564,2996.86
5986,0.726801884,0.125495448,3087.06
5987,0.662440658,0.187689499,3041.36
5988,0.610740314,0.261033052,3055.12
5989,0.551454324,0.226851565,2991.29
5990,0.471705069,0.19768704,2824.08
5991,0.468149724,0.251141659,2690.48
5992,0.504430076,0.146826681,2637.61
5993,0.527679514,0.0306913,2600.69
5994,0.474030507,0.028653655,2571.88
5995,0.544414816,0.000726381,2544.12
5996,0.45824911,0,2460.93
5997,0.446999277,0,2349.57
5998,0.44317631,0,2091.78
5999,0.468111851,0,1877.37
6000,0.454832499,0,1745.86
6001,0.44019603,0,1605.24
6002,0.441060411,0,1526.13
6003,0.460911007,0,1518.18
6004,0.567588088,0,1527.33
6005,0.570744552,0,1555.57
6006,0.586396632,0.007414027,1653.77
6007,0.587468866,0.147356102,1712.11
6008,0.553667275,0.262010517,1831.53
6009,0.602279877,0.386223934,1876.27
6010,0.495823601,0.59020576,1923.95
6011,0.457085859,0.692113455,1947.02
6012,0.403636781,0.705849719,1948.67
6013,0.368414037,0.68809639,1936.93
6014,0.348976712,0.627933945,1886.06
6015,0.242149299,0.718600129,1842.79
6016,0.167869392,0.547725058,1790.23
6017,0.14168562,0.305708259,1842.89
6018,0.290606806,0.084537951,1885.4
6019,0.40102359,0.001844778,1960.59
6020,0.517159476,0,2008.74
6021,0.606640074,0,1983.35
6022,0.526942826,0,1763.45
6023,0.473221618,0,1525.08
6024,0.459352299,0,1408.97
6025,0.428712986,0,1270.35
6026,0.411258131,0,1233.89
6027,0.426238104,0,1213.69
6028,0.4019954,0,1192.4
6029,0.263728457,0,1234.24
6030,0.35014714,0.02121024,1217.8
6031,0.459477294,0.334384934,1273.03
6032,0.333367859,0.755211421,1390.08
6033,0.285795281,0.849661989,1488.27
6034,0.297616484,0.845939695,1469.35
6035,0.354571485,0.818532196,1422.2
6036,0.33064693,0.794462806,1438.62
6037,0.292518392,0.792263971,1426.97
6038,0.25466675,0.808553788,1443.2
6039,0.271233891,0.822319159,1411.32
6040,0.293376381,0.805408942,1412.62
6041,0.358287626,0.672273893,1459.17
6042,0.32620582,0.219157947,1484.34
6043,0.420183941,0.004062548,1601.03
6044,0.517675418,0,1695.12
6045,0.506078621,0,1667.79
6046,0.329617751,0,1467.54
6047,0.169298927,0,1265.11
6048,0.055402138,0,1185.8
6049,0.022204969,0,1275.58
6050,0.006145778,0,1292.19
6051,0.006035553,0,1311.33
6052,0.00987115,0,1382.23
6053,0.022738512,0,1482.54
6054,0.075408805,0.016386992,1725.86
6055,0.1167667,0.274863986,2009.37
6056,0.203394512,0.549465073,2198.69
6057,0.198414963,0.631490966,2286.69
6058,0.167462541,0.386742925,2324.23
6059,0.148870688,0.352735534,2339.35
6060,0.139805605,0.240599292,2329.28
6061,0.132204884,0.326663665,2281.86
6062,0.113576602,0.462906413,2172.3
6063,0.13228321,0.713553648,2032.64
6064,0.154896983,0.435482893,1994.28
6065,0.221450054,0.08573768,2034.93
6066,0.307429262,0.037022569,2013.36
6067,0.417780782,0.000226126,2048.25
6068,0.508071551,0,2042.35
6069,0.532459401,0,1990.97
6070,0.500146609,0,1770.37
6071,0.467056374,0,1553.38
6072,0.490492685,0,1446.25
6073,0.542061845,0,1371.66
6074,0.538261133,0,1341.67
6075,0.558194043,0,1359.87
6076,0.536413675,0,1426.53
6077,0.521130337,0,1531.62
6078,0.53164693,0.01067546,1808.68
6079,0.553577584,0.242294228,2103.38
6080,0.431384282,0.662687866,2287.71
6081,0.410753218,0.600859489,2386.3
6082,0.392761654,0.353466286,2462.06
6083,0.350037099,0.342448326,2549.54
6084,0.302060188,0.220014526,2649.76
6085,0.301453021,0.190270496,2604.67
6086,0.284425124,0.235946623,2497.12
6087,0.256668636,0.212825182,2438.05
6088,0.25123488,0.095401784,2523.27
6089,0.213637326,0.095155096,2573.2
6090,0.189520899,0.050496033,2506.8
6091,0.207418462,0.000168558,2502.08
6092,0.18958065,0,2439.15
6093,0.163356275,0,2348.25
6094,0.167107182,0,2116.58
6095,0.07327196,0,1873.76
6096,0.071991514,0,1726
6097,0.062988683,0,1645.85
6098,0.035572646,0,1607.45
6099,0.055412881,0,1605.68
6100,0.094038088,0,1642.74
6101,0.079688264,0,1761.73
6102,0.067083318,0.012485914,2037
6103,0.024915533,0.253633715,2383.26
6104,0.008177508,0.644664795,2619.73
6105,0.006006045,0.772178539,2751.29
6106,0.007222618,0.795836353,2826.03
6107,0.026782057,0.792627407,2846.77
6108,0.070609366,0.777425252,2887.82
6109,0.128999819,0.775924591,2903.94
6110,0.182572348,0.777079248,2847.85
6111,0.182553115,0.771551465,2789.59
6112,0.180181109,0.717431882,2787.6
6113,0.200166415,0.516684356,2750.53
6114,0.249833928,0.12517686,2675.99
6115,0.38061587,7.10E-05,2628.81
6116,0.471626064,0,2503.46
6117,0.504113039,0,2395.48
6118,0.543808257,0,2150.88
6119,0.524456513,0,1909.7
6120,0.500489539,0,1748.91
6121,0.481338565,0,1675.05
6122,0.427370998,0,1620.38
6123,0.396783852,0,1619.84
6124,0.371347435,0,1641.94
6125,0.353995263,0,1744.35
6126,0.341077404,0.011837681,2022.58
6127,0.289107814,0.245507671,2376.97
6128,0.165118408,0.619093829,2578.43
6129,0.076058555,0.756139655,2693.98
6130,0.130580771,0.785613312,2800.24
6131,0.229750097,0.783061934,2902.57
6132,0.333650674,0.773076923,2925.06
6133,0.442938323,0.774639582,2930.24
6134,0.529344848,0.779456318,2908.46
6135,0.581974494,0.778085388,2859.95
6136,0.628465429,0.61604786,2744.66
6137,0.639562686,0.495361387,2703.99
6138,0.656591669,0.126512893,2696.61
6139,0.754610167,0,2652.33
6140,0.746833235,0,2549.43
6141,0.753618101,0,2424.53
6142,0.77165915,0,2193.43
6143,0.785756312,0,1930.18
6144,0.790592054,0,1751.32
6145,0.7837648,0,1660.69
6146,0.764143793,0,1590.95
6147,0.742287905,0,1583.06
6148,0.720559148,0,1620.66
6149,0.709537888,0,1726.53
6150,0.698414111,0.00840209,2005.91
6151,0.678701162,0.208161945,2362.74
6152,0.541559966,0.573492425,2554.05
6153,0.449156351,0.716251749,2666.75
6154,0.419961022,0.75271174,2709.59
6155,0.403564993,0.75458116,2769.44
6156,0.413830335,0.744166909,2810.15
6157,0.40117531,0.739989958,2834.56
6158,0.393739489,0.706465406,2791.39
6159,0.417162732,0.598873009,2651.37
6160,0.469040912,0.504801142,2684.04
6161,0.438085513,0.38677664,2661.37
6162,0.428153062,0.090268928,2606.31
6163,0.448411877,0,2582.32
6164,0.408617636,0,2466.66
6165,0.310952729,0,2371.47
6166,0.334180676,0,2120.32
6167,0.504151397,0,1869.57
6168,0.460964149,0,1735.53
6169,0.218449118,0,1585.86
6170,0.095618588,0,1495.69
6171,0.088765259,0,1457.69
6172,0.054693701,0,1440.73
6173,0.065247913,0,1468.56
6174,0.07318679,0.006652979,1570.21
6175,0.063551006,0.176476017,1702
6176,0.037204623,0.472663867,1971.26
6177,0.016024407,0.668243845,2159.12
6178,0.013095664,0.548790868,2259.88
6179,0.029455001,0.246654115,2360.58
6180,0.139491791,0.222483068,2444.76
6181,0.257290001,0.197608303,2468.74
6182,0.214395235,0.414939012,2566.2
6183,0.497694513,0.163500747,2629.11
6184,0.534959951,0.058349544,2618.49
6185,0.613959723,0.039373935,2646.32
6186,0.745139566,0.014909652,2607.42
6187,0.799883694,0,2542.43
6188,0.801081015,0,2482.81
6189,0.804351764,0,2368.94
6190,0.805821011,0,2120.32
6191,0.805696011,0,1846.16
6192,0.805477707,0,1695.36
6193,0.803770774,0,1518.11
6194,0.799189834,0,1457.99
6195,0.798469408,0,1417.35
6196,0.793934006,0,1404.92
6197,0.791610634,0,1451.53
6198,0.784227642,0.018431459,1418.74
6199,0.740061133,0.356568086,1546.74
6200,0.688826393,0.846715813,1888.58
6201,0.612457235,0.943583093,2084.65
6202,0.489675256,0.924283927,2232.5
6203,0.499073656,0.883525767,2352.07
6204,0.431650602,0.836056439,2468.83
6205,0.374461552,0.813621369,2595.88
6206,0.355431298,0.866329375,2621.59
6207,0.33280032,0.787174822,2612.81
6208,0.334628402,0.59054158,2654.34
6209,0.294029523,0.375083704,2645.98
6210,0.285904461,0.046931823,2553.8
6211,0.321624253,0,2486.08
6212,0.300458642,0,2428.63
6213,0.296386028,0,2350.08
6214,0.331841396,0,2081.77
6215,0.389591029,0,1843.16
6216,0.421170241,0,1685.69
6217,0.493648907,0,1713.31
6218,0.485105097,0,1671.71
6219,0.506789108,0,1669.74
6220,0.58057112,0,1711.51
6221,0.59156337,0,1798.66
6222,0.622854191,0.00130274,2071.57
6223,0.615319845,0.07553865,2438.87
6224,0.480536928,0.489221128,2749.58
6225,0.417715331,0.596687409,2913.62
6226,0.330811328,0.846172409,3029.42
6227,0.237516866,0.84038562,3154.99
6228,0.174179861,0.600558514,3239.25
6229,0.164576667,0.2883751,3240.64
6230,0.142384883,0.2645002,3103.3
6231,0.110732632,0.164587856,3003.67
6232,0.121768306,0.259722327,2907.2
6233,0.128330771,0.152271902,2824.47
6234,0.122788372,0.065608066,2714.82
6235,0.176439209,0,2700.07
6236,0.226053631,0,2620.39
6237,0.287919208,0,2540.17
6238,0.455034573,0,2293.53
6239,0.589088114,0,2038.11
6240,0.652070968,0,1863.49
6241,0.684504274,0,1788.48
6242,0.734670869,0,1758.17
6243,0.736566863,0,1762.65
6244,0.731008275,0,1808.59
6245,0.735642035,0,1942.97
6246,0.758237655,0.012198885,2251.28
6247,0.773582338,0.301126428,2625.31
6248,0.751073527,0.770177413,2921.54
6249,0.738564674,0.731840003,3057.04
6250,0.750229553,0.703425098,3144.35
6251,0.739721644,0.661520667,3296.13
6252,0.729320205,0.553622812,3314.21
6253,0.699773307,0.633945277,3117.24
6254,0.622484895,0.842546215,2871.47
6255,0.569851728,0.868211319,2602.24
6256,0.578237152,0.847698209,2510.92
6257,0.618661664,0.611626944,2518.82
6258,0.598839309,0.137528049,2525.33
6259,0.670997967,0,2516.46
6260,0.720755836,0,2410.03
6261,0.741751275,0,2348.8
6262,0.763345919,0,2139.5
6263,0.742734373,0,1919
6264,0.733289054,0,1745.88
6265,0.710797504,0,1633.9
6266,0.706943916,0,1591.18
6267,0.694732203,0,1574.1
6268,0.673945133,0,1612.72
6269,0.676133174,0,1724.04
6270,0.645332684,0.011141193,1987.68
6271,0.625380643,0.298859556,2358.01
6272,0.476272946,0.788646832,2737.95
6273,0.411806519,0.898935225,3030.76
6274,0.326200545,0.882548932,3254.73
6275,0.259142507,0.843725815,3383.17
6276,0.183542175,0.814899799,3445.36
6277,0.106053982,0.726798219,3437.56
6278,0.084061388,0.745952253,3322.37
6279,0.071339132,0.752771606,3294
6280,0.065838894,0.784752149,3236.63
6281,0.073558713,0.413810014,3136.37
6282,0.080380641,0.087932671,2990.17
6283,0.123949558,0,2805
6284,0.120348785,0,2658.25
6285,0.15544315,0,2497.78
6286,0.188883187,0,2225.7
6287,0.265579164,0,1989.22
6288,0.288426162,0,1804.33
6289,0.316707243,0,1678.48
6290,0.372200555,0,1596.47
6291,0.369132178,0,1573.74
6292,0.432422044,0,1599.84
6293,0.502668275,0,1687.35
6294,0.567047909,0.000715601,1937.57
6295,0.59930247,0.044331555,2242.36
6296,0.578481643,0.06636094,2444.39
6297,0.554611957,0.053577062,2589.24
6298,0.539455256,0.099382224,2637.12
6299,0.580183325,0.123972829,2668.41
6300,0.625497832,0.198880206,2710.96
6301,0.577302609,0.267311307,2706.36
6302,0.555035773,0.213923373,2658.42
6303,0.555141453,0.1267417,2660.44
6304,0.54383224,0.148133273,2601.92
6305,0.497344644,0.330984359,2529.97
6306,0.489726516,0.068250567,2484.92
6307,0.551925577,0,2445.32
6308,0.583217407,0,2338.16
6309,0.557460663,0,2264.21
6310,0.51927893,0,2033.32
6311,0.502742177,0,1793.82
6312,0.449517392,0,1639.24
6313,0.368599019,0,1538.09
6314,0.24004846,0,1505.65
6315,0.162371976,0,1503.16
6316,0.072767944,0,1539.18
6317,0.009888174,0,1657.81
6318,2.76E-05,0.00023552,1920.09
6319,0,0.070640947,2201.96
6320,0,0.411921864,2399.76
6321,0,0.550220612,2513.35
6322,5.69E-05,0.506724128,2582.75
6323,0.000412364,0.42852858,2675.85
6324,0.010558785,0.437717587,2675.97
6325,0.033546126,0.437239129,2627.05
6326,0.093756432,0.394081558,2499.03
6327,0.146375907,0.359004396,2394.57
6328,0.210150075,0.217045583,2359.89
6329,0.235530038,0.040033246,2386.63
6330,0.205415546,0.003363085,2387.05
6331,0.226745057,0,2409.06
6332,0.231299414,0,2333.06
6333,0.258181278,0,2263.93
6334,0.339092405,0,2030.81
6335,0.392546681,0,1799.35
6336,0.488580802,0,1673.32
6337,0.48450767,0,1547.98
6338,0.318263013,0,1491.24
6339,0.325834827,0,1498.17
6340,0.333721759,0,1523.99
6341,0.354507923,0,1558.04
6342,0.286526144,0.001817109,1704.56
6343,0.29240213,0.073900371,1784.18
6344,0.222518071,0.181612889,1958.22
6345,0.1637879,0.29392301,2122.61
6346,0.14402333,0.258859272,2204.3
6347,0.09485544,0.428391777,2282.66
6348,0.11325113,0.531786407,2283.44
6349,0.135846376,0.590462896,2251.4
6350,0.197178268,0.532481742,2239.13
6351,0.273009211,0.334289841,2181.05
6352,0.408315341,0.29676057,2110.9
6353,0.415306354,0.177623041,2100.78
6354,0.41182369,0.028049514,2075.1
6355,0.404799773,0,2136.69
6356,0.351856143,0,2130.88
6357,0.371063136,0,2105.73
6358,0.253018472,0,1821.57
6359,0.148399235,0,1592.27
6360,0.153223914,0,1464.72
6361,0.175806979,0,1307.45
6362,0.168539989,0,1255.27
6363,0.080356642,0,1223.55
6364,0.023126592,0,1233.85
6365,0.021451175,0,1284.6
6366,0.038182188,0.000173476,1282.26
6367,0.014946844,0.027958941,1310.18
6368,0.013235468,0.076562727,1435.06
6369,0.035298319,0.049972838,1489.94
6370,0.066803155,0.079237962,1508.53
6371,0.117427773,0.052526832,1520.4
6372,0.135769397,0.14312857,1526.72
6373,0.241727257,0.196220469,1551.92
6374,0.318184227,0.183066732,1562.66
6375,0.32649103,0.085274963,1577.13
6376,0.447017889,0.110001117,1543.84
6377,0.450586313,0.056395764,1598.63
6378,0.536137585,0.010320856,1632.48
6379,0.523745704,0,1734.03
6380,0.502425577,0,1793.42
6381,0.652341436,0,1768.78
6382,0.719367456,0,1597.53
6383,0.738438528,0,1388.25
6384,0.741109866,0,1282.28
6385,0.77028384,0,1356.29
6386,0.717021919,0,1368.89
6387,0.738024932,0,1377.96
6388,0.687397867,0,1416.01
6389,0.623478864,0,1510.88
6390,0.541526067,0,1758.7
6391,0.49501368,0.021928116,2016.88
6392,0.434475273,0.071182161,2226.82
6393,0.36730725,0.154009127,2338.82
6394,0.254625649,0.369820045,2411.24
6395,0.185498365,0.388625818,2490.46
6396,0.142083992,0.347285859,2547.63
6397,0.143921539,0.35142444,2514.23
6398,0.177124569,0.289662382,2408.19
6399,0.197251406,0.197927016,2299.98
6400,0.190264855,0.149414112,2247
6401,0.161366103,0.075794488,2246.31
6402,0.172194843,0.011509639,2190.84
6403,0.181669371,0,2165.21
6404,0.21607788,0,2081.78
6405,0.15689847,0,1995.38
6406,0.146865349,0,1767.77
6407,0.124541201,0,1589.72
6408,0.082328289,0,1456.09
6409,0.042418923,0,1377.02
6410,0.024564135,0,1342.17
6411,0.008217675,0,1347.23
6412,0.011346614,0,1408.01
6413,0.016995868,0,1504.54
6414,0.018572236,0.00027695,1772.93
6415,0.032742567,0.036884312,2048.38
6416,0.050279116,0.234146831,2250.12
6417,0.042759538,0.41011588,2353.04
6418,0.020734873,0.561517725,2404.22
6419,0.001527097,0.548214246,2467.93
6420,0.001473281,0.483354886,2478.53
6421,0.00274234,0.463283729,2410.41
6422,0.015444705,0.392139246,2345.68
6423,0.002704766,0.291946052,2293.25
6424,0.009467617,0.191589926,2269.65
6425,0.050659739,0.167445437,2299.53
6426,0.063731434,0.024331027,2289.95
6427,0.103422264,0,2288.4
6428,0.105723432,0,2192.26
6429,0.072916441,0,2137.79
6430,0.051667266,0,1937.25
6431,0.048821153,0,1719.05
6432,0.049642244,0,1625.69
6433,0.026123812,0,1566.32
6434,0.009943563,0,1536.9
6435,0.013290426,0,1540.38
6436,0.003090705,0,1603.34
6437,0.00397023,0,1732.78
6438,0.003313866,0.001502588,2038.37
6439,0.00178502,0.106999746,2406.23
6440,0.001643621,0.438489149,2697.42
6441,0.002986106,0.639828385,2865.84
6442,0.00128896,0.555354345,3003.08
6443,0.000133234,0.552141501,3119.4
6444,0.004100966,0.553306613,3233.66
6445,0.032584362,0.522506444,3284.86
6446,0.037612352,0.496515787,3258.08
6447,0.041807916,0.55608172,3267.31
6448,0.043073625,0.501297713,3260.05
6449,0.088782007,0.286854714,3189.44
6450,0.094248974,0.038017401,3024.44
6451,0.173305052,0,2883.31
6452,0.104409714,0,2740.2
6453,0.052163231,0,2627
6454,0.040066466,0,2298.08
6455,0.011574031,0,2001.31
6456,0.003380828,0,1826.9
6457,0.00223783,0,1693.65
6458,8.80E-05,0,1588.32
6459,0,0,1538.37
6460,1.90E-05,0,1564.55
6461,4.20E-09,0,1633.9
6462,0,0.002063693,1852.32
6463,0,0.157905689,2138.99
6464,0,0.488553368,2353.54
6465,0,0.738388622,2539.34
6466,0,0.667712591,2693.5
6467,0.000208308,0.545821951,2833.27
6468,0.004705411,0.562617273,2961.3
6469,0.025085206,0.54124743,2937.94
6470,0.021520797,0.493659372,2818.82
6471,0.051196212,0.386992433,2797.25
6472,0.090649947,0.428273759,2713.69
6473,0.162924749,0.153773573,2583.42
6474,0.203725433,0.012599722,2493.92
6475,0.170202463,0,2468.72
6476,0.186352424,0,2367.37
6477,0.174434255,0,2276.97
6478,0.185313461,0,2024.69
6479,0.189901829,0,1780.61
6480,0.237511386,0,1601.69
6481,0.28036101,0,1481.87
6482,0.299200606,0,1447.94
6483,0.328912912,0,1445.01
6484,0.380296371,0,1475.42
6485,0.42633484,0,1572.69
6486,0.519178796,0.001054134,1837.87
6487,0.591390968,0.037483296,2161.95
6488,0.610421453,0.044664927,2287.84
6489,0.617355572,0.097063678,2360.67
6490,0.654027353,0.194286665,2397.79
6491,0.701040236,0.258769266,2385.96
6492,0.703510606,0.320238696,2383.27
6493,0.724761176,0.349847034,2316.11
6494,0.744336554,0.238835543,2208.18
6495,0.724801376,0.269179211,2166.45
6496,0.734489107,0.159192893,2141.73
6497,0.742320063,0.260486512,2172.71
6498,0.740487679,0.034819774,2161.77
6499,0.718311532,0,2126.19
6500,0.714295076,0,2057.14
6501,0.678033424,0,1983.2
6502,0.531611621,0,1764.85
6503,0.384165511,0,1576.32
6504,0.267574632,0,1464.85
6505,0.235282007,0,1325.54
6506,0.258390385,0,1255.28
6507,0.276245431,0,1250.75
6508,0.313383687,0,1265.48
6509,0.339072175,0,1315.35
6510,0.333520819,0.000569626,1421.68
6511,0.301867633,0.133450386,1480.72
6512,0.352020981,0.372954959,1661.07
6513,0.327812576,0.246581154,1809.38
6514,0.289133535,0.20216981,1920.73
6515,0.275676792,0.26535026,2028.23
6516,0.323481051,0.162086784,2129.1
6517,0.371528975,0.186553971,2173.91
6518,0.449787335,0.473146415,2216.18
6519,0.632138712,0.340789248,2228.11
6520,0.772120147,0.208672099,2277.8
6521,0.762047663,0.298764192,2270.98
6522,0.780240813,0.036769539,2247.25
6523,0.708188096,0,2191.61
6524,0.58215595,0,2168.77
6525,0.604537807,0,2093.94
6526,0.699484863,0,1847.4
6527,0.717190523,0,1612.34
6528,0.7020182,0,1456.5
6529,0.653752935,0,1282.8
6530,0.582462124,0,1228.32
6531,0.563763138,0,1191.85
6532,0.590492378,0,1191.39
6533,0.578674462,0,1235.49
6534,0.58982223,8.67E-05,1235.42
6535,0.596680921,0.165483592,1273.78
6536,0.553472258,0.597702636,1458.92
6537,0.375867436,0.751853784,1614.64
6538,0.45070846,0.75960681,1730.35
6539,0.52072333,0.709127188,1760.08
6540,0.554494317,0.669971625,1862.5
6541,0.60850217,0.583005021,1984.27
6542,0.606174781,0.518753986,1974.26
6543,0.609480334,0.405302074,1957.26
6544,0.488762793,0.247533376,2018.87
6545,0.33508441,0.061855472,2019.51
6546,0.248145089,0.003252307,1968.05
6547,0.211643938,0,1984.01
6548,0.261196841,0,1947.49
6549,0.153374349,0,1889.29
6550,0.155548374,0,1711
6551,0.165819841,0,1473.47
6552,0.115674266,0,1348.31
6553,0.141428388,0,1422.33
6554,0.2497579,0,1420.6
6555,0.304304287,0,1420.51
6556,0.339791207,0,1472.02
6557,0.372775302,0,1588.53
6558,0.456247991,0,1885
6559,0.637224652,0.037253774,2207.17
6560,0.731533933,0.060827459,2452.1
6561,0.689627488,0.098375005,2648.36
6562,0.619931585,0.451193291,2782.23
6563,0.489593281,0.600530978,2908.05
6564,0.416887373,0.433561877,2976.2
6565,0.417835609,0.215786547,2878.12
6566,0.453358855,0.156495969,2800.77
6567,0.442974725,0.178318769,2736.57
6568,0.455586933,0.113333039,2765.9
6569,0.469910222,0.032373012,2789.36
6570,0.390993166,0.002627681,2708.88
6571,0.450692404,0,2665.17
6572,0.481871146,0,2549.64
6573,0.436494705,0,2387.72
6574,0.384592914,0,2148.9
6575,0.237832643,0,1880.55
6576,0.167780224,0,1698.17
6577,0.157321947,0,1597.39
6578,0.134972293,0,1546.33
6579,0.123687264,0,1532.96
6580,0.131040675,0,1554.09
6581,0.160062405,0,1655.93
6582,0.151462876,0,1939.59
6583,0.157112774,0.182383315,2275.62
6584,0.11003887,0.68237018,2511.61
6585,0.110069023,0.850044439,2739.9
6586,0.10456843,0.829286524,2946.82
6587,0.07030375,0.781465661,3146.19
6588,0.063567562,0.761415654,3245.83
6589,0.094380808,0.761882426,3175.39
6590,0.139830629,0.657823839,3057.36
6591,0.168428225,0.291079151,2927.36
6592,0.185694249,0.269115606,2843.71
6593,0.242626589,0.199574576,2817.36
6594,0.216905657,0.021672461,2839.17
6595,0.180856678,0,2794.8
6596,0.201068713,0,2638.54
6597,0.214361103,0,2455.74
6598,0.136873189,0,2127.07
6599,0.091017583,0,1789.87
6600,0.174307867,0,1611.72
6601,0.210459488,0,1523.99
6602,0.125171259,0,1460.12
6603,0.119363199,0,1468.2
6604,0.102222922,0,1502.63
6605,0.094200925,0,1614.76
6606,0.09056854,0,1876.89
6607,0.096883512,0.097550321,2210.89
6608,0.169030968,0.521673888,2505.31
6609,0.104450268,0.753657024,2735.24
6610,0.046425498,0.493552029,2948.37
6611,0.017404744,0.345510874,3090.68
6612,0.013315773,0.371864644,3118.29
6613,0.022610818,0.326477065,3048.91
6614,0.057769088,0.258579466,2988.26
6615,0.077401227,0.192460745,2911.72
6616,0.053973319,0.092838624,2838.66
6617,0.036597685,0.050631686,2799.79
6618,0.173716455,0.003438796,2719.43
6619,0.361831198,0,2634.56
6620,0.505843372,0,2483.22
6621,0.337617211,0,2297.58
6622,0.422761207,0,2014.65
6623,0.520578132,0,1745.8
6624,0.356284387,0,1590.06
6625,0.344015802,0,1485.62
6626,0.325956899,0,1456.82
6627,0.379297644,0,1433.92
6628,0.429712681,0,1467.16
6629,0.442522495,0,1572.92
6630,0.434802763,0,1863.81
6631,0.428089836,0.110151035,2172.58
6632,0.380842967,0.183222105,2457.11
6633,0.270930891,0.348909004,2661.83
6634,0.270904556,0.475023831,2845.95
6635,0.200273063,0.43354458,2995.57
6636,0.23572933,0.343268199,3085.85
6637,0.262726735,0.303165298,3043.83
6638,0.267338757,0.29650199,2951.34
6639,0.294686521,0.149861061,2819.13
6640,0.416984078,0.108305965,2760.23
6641,0.514155872,0.1557424,2760.16
6642,0.583546786,0.022478598,2705.53
6643,0.653000923,0,2698.72
6644,0.71866386,0,2577.17
6645,0.773949983,0,2438.67
6646,0.802113959,0,2161.64
6647,0.803500583,0,1934.82
6648,0.801480202,0,1766.47
6649,0.799570785,0,1640.31
6650,0.799759338,0,1551.68
6651,0.795592047,0,1512.15
6652,0.784723729,0,1507.79
6653,0.782577798,0,1597.63
6654,0.77947498,0,1862.68
6655,0.77841064,0.153781426,2161.04
6656,0.749486068,0.594455959,2376.13
6657,0.693341262,0.773193132,2575.82
6658,0.643016263,0.781536901,2669.24
6659,0.536522691,0.758441098,2735.72
6660,0.580669647,0.732618979,2850.13
6661,0.648585378,0.741406248,2814.73
6662,0.740423557,0.777989706,2724.39
6663,0.788808743,0.816857299,2617.19
6664,0.790267426,0.77760861,2536.01
6665,0.793057413,0.400293079,2545.89
6666,0.781785029,0.031115232,2500.91
6667,0.801110032,0,2453.53
6668,0.803125204,0,2362.03
6669,0.804723608,0,2231.15
6670,0.805355658,0,1950.51
6671,0.80271982,0,1731.1
6672,0.80320855,0,1577.51
6673,0.794188189,0,1419.45
6674,0.743402833,0,1351.81
6675,0.626799684,0,1354.1
6676,0.491657555,0,1358.93
6677,0.477396541,0,1376.67
6678,0.539149783,0,1511.61
6679,0.54278045,0.176318338,1598.24
6680,0.51467824,0.662160538,1699.96
6681,0.465087165,0.846330212,1749.79
6682,0.449327261,0.833389209,1767.41
6683,0.462351031,0.793981392,1756.01
6684,0.496279416,0.763837924,1759.34
6685,0.495238503,0.772227232,1747.08
6686,0.500456853,0.808719006,1720.23
6687,0.469275645,0.841730853,1763.69
6688,0.44459752,0.79844885,1792.31
6689,0.41339426,0.402883906,1879.02
6690,0.395310079,0.029921486,2015.79
6691,0.385580521,0,2095.31
6692,0.289530177,0,2117.36
6693,0.197878405,0,2050.81
6694,0.171448034,0,1822.76
6695,0.18832076,0,1590.42
6696,0.293367469,0,1471.86
6697,0.40260168,0,1330.98
6698,0.54999169,0,1290.73
6699,0.600597204,0,1275.97
6700,0.557258765,0,1292.95
6701,0.476741381,0,1352.18
6702,0.418747942,0,1382.27
6703,0.365677435,0.162924135,1450.76
6704,0.309753083,0.656361324,1640.15
6705,0.169218355,0.829832839,1751.04
6706,0.108314063,0.808679123,1753.42
6707,0.051808495,0.763649304,1772.51
6708,0.030850424,0.730834598,1865.38
6709,0.005915829,0.734854714,1968.54
6710,0.014622279,0.766780813,2094.42
6711,0.008266095,0.78930088,2148.6
6712,0.009579192,0.730198137,2181
6713,0.013349258,0.348629033,2290.31
6714,0.025875584,0.022879287,2303.6
6715,0.039343643,0,2284.86
6716,0.038990845,0,2283.21
6717,0.091174185,0,2178.37
6718,0.125774657,0,1939.21
6719,0.190117158,0,1704.52
6720,0.253195951,0,1558.37
6721,0.37525985,0,1623.04
6722,0.509092545,0,1613.36
6723,0.594332725,0,1595.67
6724,0.638606671,0,1633.76
6725,0.60805878,0,1716.21
6726,0.556663968,0,1971.23
6727,0.505722658,0.142128035,2298.89
6728,0.460848131,0.596571907,2462.92
6729,0.23090114,0.784498058,2574.37
6730,0.162032764,0.774202742,2585.61
6731,0.158288358,0.733934217,2552.78
6732,0.156703258,0.704646295,2588.47
6733,0.20099801,0.710096785,2504.61
6734,0.214785686,0.737823273,2364.88
6735,0.228185982,0.75904311,2255.11
6736,0.241537152,0.69301609,2219.85
6737,0.273081206,0.308798904,2264.49
6738,0.393152493,0.017590587,2293.86
6739,0.486036451,0,2321.03
6740,0.596533581,0,2231.73
6741,0.557961645,0,2119.97
6742,0.516440385,0,1875.12
6743,0.538708298,0,1636.04
6744,0.581127087,0,1531.95
6745,0.538711897,0,1453.43
6746,0.533901509,0,1428.6
6747,0.480262997,0,1437.71
6748,0.471242635,0,1480.77
6749,0.491995656,0,1596.65
6750,0.498863405,0,1909.79
6751,0.509648009,0.142201691,2257.07
6752,0.518153203,0.611905005,2450.81
6753,0.394317398,0.796751831,2596.1
6754,0.273917419,0.775791808,2679.43
6755,0.236672223,0.728921192,2744.55
6756,0.228221112,0.697847401,2807.21
6757,0.237978385,0.703852641,2806.16
6758,0.221648379,0.737404311,2759.86
6759,0.224758697,0.765872941,2723.19
6760,0.219790444,0.70859316,2693.65
6761,0.237999969,0.320490638,2743.21
6762,0.3707408,0.018306746,2699.01
6763,0.425268532,0,2644.98
6764,0.33552388,0,2516.88
6765,0.31734318,0,2392.87
6766,0.402887262,0,2128.5
6767,0.421050809,0,1875.71
6768,0.432754925,0,1735.48
6769,0.459002156,0,1628.63
6770,0.563328332,0,1575.29
6771,0.603729097,0,1585.39
6772,0.656867325,0,1633.54
6773,0.651259465,0,1739.3
6774,0.615715637,0,2040.85
6775,0.588706464,0.137278141,2405.03
6776,0.518200923,0.606530914,2640.31
6777,0.339330122,0.792042574,2795.06
6778,0.202313868,0.692231049,2959.8
6779,0.181500821,0.617466418,3069.1
6780,0.152571981,0.60375133,3137.23
6781,0.153283576,0.586956252,3164.12
6782,0.165426249,0.573040046,3188.51
6783,0.179305773,0.510241629,3171.4
6784,0.197172087,0.406667269,3102.21
6785,0.206584633,0.175433993,3075.02
6786,0.268552499,0.007088105,2917.57
6787,0.349943788,0,2820.31
6788,0.363662191,0,2684.91
6789,0.413471534,0,2557.21
6790,0.416007278,0,2261.81
6791,0.398743871,0,2002.11
6792,0.375083121,0,1838.65
6793,0.469997651,0,1733.82
6794,0.623906423,0,1675.56
6795,0.664108953,0,1672.07
6796,0.678218357,0,1712.75
6797,0.661959928,0,1832.7
6798,0.635906519,0,2161.23
6799,0.642104458,0.042477792,2508.64
6800,0.594044704,0.309849788,2770.91
6801,0.414281481,0.572041859,2893.02
6802,0.32450887,0.654145325,2987.64
6803,0.287450728,0.640822697,3000.78
6804,0.275213052,0.601103662,2914.55
6805,0.295448023,0.559156795,2828.37
6806,0.294144941,0.589384236,2794.93
6807,0.284017532,0.359008684,2694.92
6808,0.266992528,0.156369854,2546.34
6809,0.255468714,0.061607925,2508.27
6810,0.299939844,0.002582054,2546.2
6811,0.351729808,0,2539.47
6812,0.392073488,0,2430.72
6813,0.47877974,0,2298.75
6814,0.521450366,0,2046.27
6815,0.551527594,0,1796.63
6816,0.581508565,0,1675.26
6817,0.569100911,0,1590.33
6818,0.5566973,0,1532
6819,0.545477822,0,1487.29
6820,0.573409148,0,1499.05
6821,0.597841441,0,1570.69
6822,0.618638734,0,1827.04
6823,0.630639331,0.013275271,2134.43
6824,0.630110339,0.060842871,2294.82
6825,0.624762743,0.109447186,2394.03
6826,0.624409451,0.256461828,2470.5
6827,0.65570416,0.302457842,2547.88
6828,0.674147972,0.314438117,2571.4
6829,0.679315991,0.297758764,2516.56
6830,0.707681475,0.143897565,2389.47
6831,0.746176812,0.063682261,2342.78
6832,0.718386487,0.028428207,2361.69
6833,0.6998779,0.058297906,2302.76
6834,0.71303966,0.002091997,2238.3
6835,0.738659653,0,2221.34
6836,0.745934206,0,2099.85
6837,0.76455205,0,1945.14
6838,0.777700413,0,1690.99
6839,0.774401702,0,1498.29
6840,0.75374468,0,1383.44
6841,0.737325502,0,1274.32
6842,0.735346062,0,1199.19
6843,0.697508121,0,1204.8
6844,0.679895605,0,1221.85
6845,0.610919075,0,1264.98
6846,0.565036978,0,1385.8
6847,0.507835731,0.070305885,1443.02
6848,0.501856575,0.168881625,1506.22
6849,0.471573047,0.062074327,1557.64
6850,0.3762236,0.123285525,1586.65
6851,0.29241316,0.210679913,1581.25
6852,0.251811041,0.2449913,1587.45
6853,0.206282472,0.22197423,1610.44
6854,0.155838825,0.153985552,1560.47
6855,0.109227736,0.214568072,1588.88
6856,0.098301288,0.372199946,1616.47
6857,0.102288492,0.181523846,1723.11
6858,0.139973634,0.004987977,1805.2
6859,0.238892586,0,1866.69
6860,0.272313437,0,1915.44
6861,0.272865032,0,1833.09
6862,0.265174984,0,1600.95
6863,0.304557805,0,1412.37
6864,0.431845747,0,1298.43
6865,0.534653487,0,1177.7
6866,0.41862229,0,1152.5
6867,0.588895755,0,1138.54
6868,0.711296741,0,1152.71
6869,0.743509255,0,1218.31
6870,0.761436366,0,1251.72
6871,0.726854759,0.033122559,1262.05
6872,0.706540018,0.195620545,1372.55
6873,0.749665568,0.182905808,1422.01
6874,0.768264927,0.097414115,1442.61
6875,0.739815498,0.114629177,1434.95
6876,0.736300056,0.15272686,1424.77
6877,0.568204424,0.222424938,1463.69
6878,0.712189161,0.375827409,1455.71
6879,0.716867119,0.606961747,1412.48
6880,0.741135339,0.225783166,1414.02
6881,0.709918485,0.058034514,1482.2
6882,0.716356489,0.001188853,1631.8
6883,0.787135912,0,1713.2
6884,0.768284137,0,1745.79
6885,0.790885151,0,1667.05
6886,0.804079622,0,1445.42
6887,0.800631863,0,1286.03
6888,0.8057114,0,1195.39
6889,0.805817759,0,1269.76
6890,0.805886671,0,1287.7
6891,0.805779595,0,1302.86
6892,0.805738747,0,1372.27
6893,0.805883593,0,1478.23
6894,0.805789615,0,1734.22
6895,0.805692554,0.097247817,2006.8
6896,0.805094204,0.538559192,2209.91
6897,0.785478732,0.77880044,2306.29
6898,0.790231261,0.777845349,2321.78
6899,0.804450966,0.729073676,2333.02
6900,0.805886671,0.510384475,2340.74
6901,0.805886556,0.288316417,2262.75
6902,0.805886671,0.222853813,2159.44
6903,0.805886671,0.318368458,2095.2
6904,0.805886671,0.389526941,2055.66
6905,0.80581265,0.211016509,2068.11
6906,0.801618908,0.005450242,2131.03
6907,0.804621382,0,2198.05
6908,0.805771208,0,2137.28
6909,0.805857808,0,2024.46
6910,0.805791943,0,1839.12
6911,0.805886671,0,1600.49
6912,0.805835576,0,1423.11
6913,0.805885299,0,1319.82
6914,0.805748511,0,1273.28
6915,0.805802554,0,1288.07
6916,0.805282845,0,1362.77
6917,0.805449343,0,1458.71
6918,0.803832012,0,1698.89
6919,0.80416224,0.093365762,1966.36
6920,0.805047945,0.548598394,2167.11
6921,0.773216846,0.789636353,2256.55
6922,0.685821253,0.77552628,2301.43
6923,0.695073684,0.729052754,2318.72
6924,0.771870455,0.683623652,2341.99
6925,0.790581526,0.692036585,2259
6926,0.794166731,0.734853454,2133.64
6927,0.794783533,0.755937455,2050.69
6928,0.798650807,0.601030869,2013.72
6929,0.794226295,0.220154835,2026.64
6930,0.783057933,0.00319279,2091.53
6931,0.785743714,0,2088.55
6932,0.803089233,0,2021.97
6933,0.805401098,0,1899.54
6934,0.805883319,0,1676.8
6935,0.804995562,0,1514.92
6936,0.805871465,0,1392.02
6937,0.805881969,0,1290.44
6938,0.805794623,0,1278.83
6939,0.802025362,0,1293.37
6940,0.79720769,0,1344.26
6941,0.769377856,0,1452.41
6942,0.707693829,0,1685.06
6943,0.707077612,0.005414695,1960.81
6944,0.700654964,0.044759489,2123.08
6945,0.678598532,0.639442173,2242.01
6946,0.65715645,0.798049355,2313.13
6947,0.598476639,0.7477569,2356.08
6948,0.602389062,0.714181673,2381.24
6949,0.592074657,0.728341032,2331.88
6950,0.619938504,0.772640785,2217.28
6951,0.648850662,0.813140681,2084.4
6952,0.703057019,0.72465229,2014.35
6953,0.701298956,0.247035047,2049.78
6954,0.747254896,0.004606225,2113.61
6955,0.799120641,0,2076.46
6956,0.800328147,0,2013.63
6957,0.795320768,0,1898.97
6958,0.786286358,0,1654.84
6959,0.775965963,0,1480.59
6960,0.752744852,0,1394.25
6961,0.718810562,0,1331.37
6962,0.61793428,0,1296.52
6963,0.416048153,0,1295.39
6964,0.357049104,0,1348.13
6965,0.314295487,0,1450.9
6966,0.277725744,0,1699.39
6967,0.214726622,0.000283496,1958.47
6968,0.229813302,0.026292047,2119.79
6969,0.097553943,0.407350231,2233.19
6970,0.032249481,0.670147282,2282.91
6971,0.040154122,0.674206251,2301.04
6972,0.047912679,0.645616857,2327.86
6973,0.071049913,0.628638369,2274.71
6974,0.05561248,0.548423047,2136.22
6975,0.059803737,0.451049767,2048.16
6976,0.041961603,0.433201913,1998.08
6977,0.036637102,0.122346277,2003.85
6978,0.063979662,0.000838813,2055.79
6979,0.072181323,0,2052.25
6980,0.1012808,0,1978.91
6981,0.116395806,0,1883.42
6982,0.148500643,0,1674.66
6983,0.157292103,0,1498.55
6984,0.204133448,0,1383.47
6985,0.250474528,0,1305.31
6986,0.327949961,0,1275.39
6987,0.429317598,0,1290.01
6988,0.465775613,0,1335.05
6989,0.455225784,0,1447.63
6990,0.535417643,0,1683.48
6991,0.607097032,0,1971.56
6992,0.739217041,0.028391491,2112.57
6993,0.790910289,0.027851281,2251.7
6994,0.800615228,0.043340668,2289.69
6995,0.804032937,0.080290582,2314.66
6996,0.804411139,0.101618587,2346.85
6997,0.797234079,0.107976158,2298.36
6998,0.804964312,0.073911432,2182.26
6999,0.804448312,0.050265092,2085.01
7000,0.805755236,0.210010425,2020.24
7001,0.805814984,0.177677258,2008.4
7002,0.79771345,0.000651196,2070.73
7003,0.781369985,0,2071.93
7004,0.744935531,0,2003.93
7005,0.729022999,0,1917.28
7006,0.736867025,0,1682.27
7007,0.759146657,0,1482.75
7008,0.743893135,0,1377.64
7009,0.676026111,0,1269.17
7010,0.722508468,0,1215.5
7011,0.795180648,0,1219.85
7012,0.799348268,0,1229.64
7013,0.797839346,0,1261.08
7014,0.796518229,0,1377.54
7015,0.803383514,0.075958373,1462.9
7016,0.80042091,0.500798875,1547.85
7017,0.800377585,0.712388209,1589.37
7018,0.803665376,0.405749326,1607.91
7019,0.805841224,0.435166951,1601.96
7020,0.805886671,0.661094974,1636.67
7021,0.805886671,0.69522029,1621.61
7022,0.805886671,0.741364403,1628.83
7023,0.805886666,0.733233281,1669.17
7024,0.805886335,0.378733229,1719.57
7025,0.805528565,0.06210872,1760.11
7026,0.804814079,0,1842.51
7027,0.797660474,0,1905.83
7028,0.805503578,0,1947.29
7029,0.796543387,0,1841.71
7030,0.80035901,0,1602.63
7031,0.804672237,0,1401.86
7032,0.805274241,0,1302.1
7033,0.802809432,0,1179.59
7034,0.800719204,0,1157.1
7035,0.794140303,0,1134.51
7036,0.79438948,0,1155.04
7037,0.801879152,0,1230.25
7038,0.803136871,0,1246.03
7039,0.804569026,0.067954221,1305.36
7040,0.798722305,0.505588765,1393.55
7041,0.74411176,0.723179153,1467.51
7042,0.705617102,0.494157966,1458.26
7043,0.671376228,0.249014161,1460.25
7044,0.648956767,0.276156909,1472.62
7045,0.613951492,0.238785489,1450.72
7046,0.591285159,0.241620168,1424.52
7047,0.576329299,0.177594645,1456.17
7048,0.558387818,0.083000901,1438.34
7049,0.546777319,0.011408738,1479.14
7050,0.546487447,0,1598.93
7051,0.634817597,0,1701.77
7052,0.734376029,0,1729.34
7053,0.75312428,0,1648.93
7054,0.743814797,0,1454.76
7055,0.699667392,0,1276.99
7056,0.633222126,0,1183.99
7057,0.55712954,0,1281.66
7058,0.500846159,0,1294.52
7059,0.47015544,0,1297.37
7060,0.423003409,0,1344.97
7061,0.398703555,0,1453.74
7062,0.339696582,0,1696.82
7063,0.323643505,0.071558276,1971.95
7064,0.278061927,0.503828009,2136.59
7065,0.191888137,0.765192504,2236.39
7066,0.173248546,0.747274246,2270.35
7067,0.127617019,0.696147375,2248.37
7068,0.13993638,0.591193107,2251.15
7069,0.178409729,0.643836169,2189.07
7070,0.248477896,0.711215854,2058.57
7071,0.30373136,0.74146003,1980.45
7072,0.281900134,0.611992348,1937.67
7073,0.246742638,0.170495462,1951.23
7074,0.231108803,0,2015.94
7075,0.233745403,0,2036.95
7076,0.197884543,0,1993.86
7077,0.163849238,0,1884.68
7078,0.219948021,0,1699.9
7079,0.240257634,0,1500.96
7080,0.281446239,0,1390.78
7081,0.273419871,0,1307.23
7082,0.274574803,0,1287.11
7083,0.315915491,0,1295.75
7084,0.303997693,0,1342.34
7085,0.261937988,0,1448.44
7086,0.195517987,0,1695.36
7087,0.129697563,0.007993703,1984.22
7088,0.083567211,0.036807557,2147.76
7089,0.048509305,0.122582265,2255.21
7090,0.014323703,0.407680929,2296.18
7091,0.005900287,0.622932191,2303.68
7092,0.02211439,0.624103883,2347.1
7093,0.045223852,0.598711071,2316.41
7094,0.052803686,0.627158767,2211.78
7095,0.08121533,0.698254368,2140.72
7096,0.072069913,0.561125855,2107.59
7097,0.055399076,0.153437622,2110.16
7098,0.042401393,0,2118.55
7099,0.027054493,0,2093.32
7100,0.02666235,0,2028.59
7101,0.043861159,0,1900.39
7102,0.055592436,0,1666.87
7103,0.059375056,0,1487.77
7104,0.067897631,0,1384.39
7105,0.077385566,0,1297.55
7106,0.086436449,0,1283.76
7107,0.088900868,0,1293.95
7108,0.084356713,0,1342.09
7109,0.06396971,0,1452.38
7110,0.044072541,0,1689
7111,0.033013618,0.030159257,1958.57
7112,0.028381347,0.326232021,2112.42
7113,0.029943294,0.447432074,2230.2
7114,0.045833946,0.530874759,2273.52
7115,0.116244553,0.479893189,2283.96
7116,0.121857343,0.446611667,2276.45
7117,0.132320795,0.349603358,2205.18
7118,0.114305897,0.356041843,2099.44
7119,0.129620784,0.328197874,2023.76
7120,0.173834442,0.09640059,1968.57
7121,0.152222603,0.020437785,1983.57
7122,0.210299729,0,2066.81
7123,0.256726789,0,2052.01
7124,0.303964154,0,1984.57
7125,0.409499341,0,1868
7126,0.540838843,0,1665.92
7127,0.599436322,0,1492.37
7128,0.668560765,0,1387.43
7129,0.676599811,0,1315.76
7130,0.724813149,0,1296.51
7131,0.78147487,0,1299.86
7132,0.76170178,0,1343.54
7133,0.746541751,0,1451.04
7134,0.73885571,0,1686.83
7135,0.73284185,0.060023142,1960.27
7136,0.725504849,0.487087869,2123.65
7137,0.662374667,0.774265345,2234.76
7138,0.727235757,0.758712673,2276.23
7139,0.723522581,0.705857794,2324.36
7140,0.708945824,0.669108224,2320.07
7141,0.740271649,0.683977615,2227.47
7142,0.757054822,0.735992078,2135.91
7143,0.771716807,0.775920684,2049.48
7144,0.79138986,0.630016433,1987.43
7145,0.781113831,0.159810018,2013.27
7146,0.766086837,0,2089.75
7147,0.760647695,0,2058.33
7148,0.73649647,0,1973.91
7149,0.679339803,0,1869.41
7150,0.612438581,0,1669.02
7151,0.513069543,0,1483.25
7152,0.419005635,0,1398.89
7153,0.347907435,0,1327.13
7154,0.386086241,0,1297.61
7155,0.333911143,0,1297.6
7156,0.218339825,0,1343.39
7157,0.083551798,0,1453.48
7158,0.034468644,0,1687.67
7159,0.025660565,0.003531036,1962.53
7160,0.041606553,0.043281594,2126.76
7161,0.073984991,0.082815244,2247.56
7162,0.099992866,0.244746824,2279.23
7163,0.305157682,0.272987889,2290.06
7164,0.344850683,0.204618283,2283.78
7165,0.453497304,0.340731199,2226.58
7166,0.396083484,0.493175403,2101.49
7167,0.373534407,0.449778306,2002.41
7168,0.243266794,0.341821318,1931.43
7169,0.242795547,0.090797612,1977.71
7170,0.302477874,0,2031.32
7171,0.394329778,0,2059.52
7172,0.435898144,0,2010.66
7173,0.512556229,0,1860.36
7174,0.478085494,0,1646.97
7175,0.43614217,0,1488.63
7176,0.42162027,0,1392.87
7177,0.401997907,0,1278.34
7178,0.379219965,0,1233.71
7179,0.318621759,0,1233.04
7180,0.222557414,0,1241.72
7181,0.107352795,0,1288.04
7182,0.122528263,0,1379.37
7183,0.240862452,0.0008009,1446.83
7184,0.314019995,0.006277897,1560
7185,0.424232062,0.026783547,1553.24
7186,0.597839663,0.033735513,1563.89
7187,0.602855966,0.04450383,1572.64
7188,0.659603137,0.059979841,1582.44
7189,0.662700127,0.086722234,1566.37
7190,0.704722801,0.076716483,1550.97
7191,0.725517098,0.037081814,1587.52
7192,0.764178065,0.039496434,1587.56
7193,0.796067245,0.008129536,1648.87
7194,0.801049043,0,1829.64
7195,0.800400827,0,1876.37
7196,0.800353232,0,1912.13
7197,0.802593596,0,1834.55
7198,0.80314763,0,1614.55
7199,0.802617514,0,1448.28
7200,0.802151381,0,1326.69
7201,0.803137254,0,1199.97
7202,0.801296885,0,1185.46
7203,0.804931389,0,1164.68
7204,0.803452087,0,1170.62
7205,0.801941054,0,1248.64
7206,0.796744726,0,1251.97
7207,0.782351783,0.052996705,1312.6
7208,0.767422269,0.505741047,1440.44
7209,0.696951879,0.817586798,1493.07
7210,0.66095794,0.786142923,1460.17
7211,0.503575052,0.716772452,1440.78
7212,0.408728193,0.672418803,1437.76
7213,0.308753301,0.686371911,1415.53
7214,0.256005085,0.713557092,1417.71
7215,0.216018665,0.494754135,1429.95
7216,0.178781046,0.31151421,1421.26
7217,0.144183691,0.066715194,1497.92
7218,0.182388163,0,1641.55
7219,0.214327861,0,1699.26
7220,0.214376373,0,1747.39
7221,0.200541879,0,1672.72
7222,0.238821528,0,1459.36
7223,0.24477139,0,1273.17
7224,0.279059505,0,1197.41
7225,0.321082707,0,1278.26
7226,0.384233763,0,1296.18
7227,0.446187834,0,1301.72
7228,0.544015647,0,1346.13
7229,0.619001974,0,1460.09
7230,0.697624149,0,1698.6
7231,0.732274039,0.001793493,1987.89
7232,0.764086381,0.015448753,2133.56
7233,0.77545526,0.023199256,2229.91
7234,0.79862179,0.032312933,2274.51
7235,0.804088674,0.048762641,2273.78
7236,0.80580976,0.058667292,2276.95
7237,0.805886671,0.096975762,2194.89
7238,0.805886671,0.066108225,2096.81
7239,0.805886671,0.047677306,1983.02
7240,0.780850439,0.073846461,1949.55
7241,0.663749303,0.104109241,1976.23
7242,0.653284417,0,2061.06
7243,0.473236534,0,2066.58
7244,0.450896929,0,1999.41
7245,0.415852931,0,1892.31
7246,0.410100981,0,1657.69
7247,0.410100981,0,1489.04
7248,0.523275198,0,1384.05
7249,0.535042658,0,1306.18
7250,0.535221974,0,1293.05
7251,0.548782076,0,1299.49
7252,0.578314524,0,1342.3
7253,0.623828021,0,1459.88
7254,0.623830489,0,1691.06
7255,0.623726043,0.045933179,1972.3
7256,0.623810206,0.480000833,2134.54
7257,0.623393993,0.820631657,2222.37
7258,0.626724702,0.803750313,2272.7
7259,0.78658702,0.738292102,2281.74
7260,0.803058088,0.699248179,2300.13
7261,0.800396708,0.718232498,2242.69
7262,0.796599858,0.774467549,2138.23
7263,0.792526572,0.811667903,2057.49
7264,0.779164426,0.613247663,2010
7265,0.73589898,0.129399659,2029.95
7266,0.727224245,0,2104.88
7267,0.714123926,0,2086.62
7268,0.706083702,0,2013.71
7269,0.671096429,0,1910.91
7270,0.629586914,0,1672.43
7271,0.570252779,0,1492.31
7272,0.462290476,0,1383.16
7273,0.334690378,0,1305.81
7274,0.260290532,0,1274.43
7275,0.16895379,0,1282.96
7276,0.106890361,0,1336.82
7277,0.045900735,0,1444.99
7278,0.010825216,0,1704.85
7279,0.001305696,0.016011338,1970.36
7280,0.001059631,0.172799523,2118.7
7281,0.003017527,0.447287034,2273.98
7282,0.003694899,0.615098177,2361.69
7283,0.006407829,0.608242077,2356.88
7284,0.010415819,0.578601299,2398.07
7285,0.027451051,0.535192738,2365.8
7286,0.053338744,0.557352904,2266.82
7287,0.083359254,0.407944559,2172.32
7288,0.133417498,0.164793615,2121.88
7289,0.118790236,0.021036781,2101.55
7290,0.155367012,0,2139.55
7291,0.194546613,0,2170.38
7292,0.247985191,0,2094.43
7293,0.263079955,0,1946.14
7294,0.290264928,0,1708.88
7295,0.321316565,0,1510.19
7296,0.351790147,0,1393.47
7297,0.308597154,0,1316.27
7298,0.347278975,0,1278.11
7299,0.379238976,0,1289.64
7300,0.539440166,0,1365.57
7301,0.601498859,0,1471.1
7302,0.705876658,0,1746.42
7303,0.75890037,0.027671737,2030.13
7304,0.760336494,0.316272626,2229.76
7305,0.765465103,0.55948537,2386.34
7306,0.736816075,0.621353204,2433.85
7307,0.747225703,0.624281851,2530.7
7308,0.740412387,0.638862095,2652.75
7309,0.719892962,0.656804383,2651.14
7310,0.680460384,0.712313232,2524.4
7311,0.65203975,0.745347398,2387.34
7312,0.597581754,0.543695998,2345.34
7313,0.567718703,0.103701969,2388.51
7314,0.643022784,0,2420.14
7315,0.674686528,0,2329.92
7316,0.70863553,0,2185.82
7317,0.713046496,0,2018.59
7318,0.705398108,0,1808.83
7319,0.67431207,0,1622.45
7320,0.643576998,0,1509.69
7321,0.625289706,0,1415.22
7322,0.58775744,0,1371.02
7323,0.516423095,0,1393.3
7324,0.459849996,0,1476.16
7325,0.377924978,0,1602.56
7326,0.301191993,0,1888.62
7327,0.255980783,0.030807344,2232.13
7328,0.211831493,0.381582552,2391.18
7329,0.155042581,0.699718823,2518.38
7330,0.09122001,0.696698057,2560.17
7331,0.051573558,0.641015343,2650.91
7332,0.018648563,0.603487173,2641.07
7333,0.006130164,0.618608985,2572.07
7334,0.00067078,0.6655308,2448.47
7335,0.000335063,0.690407095,2338.11
7336,0.001898319,0.488523492,2309.01
7337,0.003469549,0.085872526,2366.72
7338,0.003188755,0,2414.62
7339,0.021072143,0,2335.76
7340,0.035523239,0,2147.07
7341,0.050391365,0,1995.03
7342,0.073407127,0,1779.45
7343,0.103768828,0,1570.14
7344,0.152077599,0,1472.63
7345,0.218791087,0,1359.85
7346,0.267488806,0,1266.37
7347,0.350337745,0,1231.91
7348,0.409943582,0,1262.58
7349,0.475350946,0,1299.55
7350,0.533357119,0,1429.26
7351,0.566009288,0.01823841,1555.5
7352,0.612749202,0.290566752,1618.17
7353,0.571678866,0.617856028,1664.59
7354,0.400947268,0.555260203,1620.13
7355,0.457271472,0.507367459,1620.08
7356,0.520603119,0.513159308,1623.05
7357,0.505070252,0.526579231,1636.21
7358,0.52704335,0.521400597,1640.6
7359,0.550677551,0.433138094,1676.16
7360,0.503140502,0.265473581,1708.3
7361,0.481883736,0.039861789,1790.92
7362,0.632772572,0,1929.41
7363,0.671020674,0,1920.19
7364,0.660588943,0,1871.36
7365,0.685502227,0,1765.23
7366,0.673544023,0,1593.6
7367,0.635634095,0,1431.81
7368,0.608575505,0,1307.82
7369,0.545288125,0,1181.94
7370,0.476353728,0,1166.38
7371,0.3372307,0,1158.22
7372,0.256930179,0,1164.67
7373,0.368651609,0,1237.45
7374,0.696799229,0,1245.63
7375,0.751371513,0.010052834,1333.81
7376,0.77338077,0.193414752,1434.43
7377,0.791156364,0.472217345,1493.84
7378,0.79201217,0.555869456,1498.16
7379,0.789065493,0.575337019,1488.15
7380,0.779690371,0.626513828,1505.2
7381,0.774950791,0.655548656,1547.81
7382,0.776672973,0.721458377,1571.05
7383,0.780339171,0.771279757,1591.26
7384,0.790446557,0.551821176,1629.96
7385,0.799743296,0.094256649,1662.79
7386,0.799035244,0,1779.22
7387,0.798300011,0,1755.57
7388,0.804663962,0,1687.47
7389,0.8055336,0,1565.64
7390,0.805877938,0,1466.82
7391,0.805886671,0,1276.9
7392,0.805854537,0,1191.93
7393,0.805113221,0,1313.06
7394,0.804388426,0,1312.12
7395,0.803174457,0,1285.14
7396,0.802861622,0,1298.71
7397,0.804112112,0,1365.78
7398,0.802794482,0,1484.48
7399,0.80124141,0.030721217,1702
7400,0.799644389,0.403639836,1940.33
7401,0.76577614,0.756899663,2160.4
7402,0.74788406,0.743016293,2291.09
7403,0.66800089,0.673374406,2300.13
7404,0.556494279,0.629824188,2284.15
7405,0.452608298,0.647327817,2265
7406,0.384437329,0.707120765,2185.15
7407,0.311110062,0.748616564,2073.48
7408,0.221350116,0.52924043,2009.86
7409,0.179307381,0.087857016,1991.88
7410,0.175220146,0,2112.65
7411,0.216781353,0,2149.59
7412,0.167455981,0,2128.22
7413,0.146065256,0,1954.93
7414,0.103858418,0,1793.13
7415,0.072141276,0,1650.26
7416,0.042967533,0,1499.47
7417,0.024608213,0,1380.58
7418,0.013122739,0,1301.38
7419,0.008403334,0,1285.88
7420,0.004325329,0,1297.89
7421,0.003015015,0,1345.22
7422,0.003968151,0,1469.74
7423,0.004322533,0.027161516,1709.25
7424,0.005863857,0.37623767,1967.81
7425,0.010157091,0.721168422,2145.76
7426,0.003865198,0.714180557,2263.25
7427,0.007617152,0.6491702,2298.47
7428,0.015978789,0.608321899,2310.97
7429,0.055199675,0.627467479,2303.65
7430,0.132111894,0.686667316,2207.61
7431,0.186669824,0.724341853,2093.9
7432,0.26739007,0.498628057,2026.09
7433,0.280086477,0.078108844,2024.72
7434,0.375251892,0,2157.14
7435,0.446690841,0,2177.14
7436,0.45877197,0,2133.34
7437,0.473196267,0,1992.62
7438,0.520425695,0,1834.96
7439,0.568700024,0,1672.69
7440,0.596802248,0,1492.68
7441,0.611523127,0,1388.64
7442,0.660503478,0,1318.57
7443,0.686213667,0,1287.58
7444,0.725333773,0,1297.47
7445,0.738404771,0,1358.87
7446,0.738170254,0,1459.63
7447,0.726996444,0.020257789,1690.18
7448,0.686182808,0.325172924,1959.05
7449,0.589041968,0.67099332,2179.17
7450,0.492110562,0.692917608,2343.65
7451,0.339339386,0.641978514,2402.24
7452,0.224993111,0.601011512,2470.73
7453,0.157400015,0.6180722,2512.66
7454,0.160694151,0.675338513,2361.25
7455,0.163005059,0.711888073,2234.32
7456,0.212139963,0.485949924,2143.77
7457,0.25829796,0.072367919,2100.6
7458,0.437166127,0,2211.06
7459,0.521845851,0,2242.27
7460,0.588235789,0,2166.39
7461,0.634129193,0,2005.1
7462,0.646042019,0,1839.48
7463,0.661031394,0,1662
7464,0.603281653,0,1484.05
7465,0.55536048,0,1363.64
7466,0.44114309,0,1303.64
7467,0.29831655,0,1280.44
7468,0.295931714,0,1287.59
7469,0.228710875,0,1349.83
7470,0.103158197,0,1463.33
7471,0.033715753,0.015400623,1700.02
7472,0.038668312,0.280440302,1947.55
7473,0.039216095,0.608702837,2174.36
7474,0.003403423,0.628965032,2267.56
7475,0,0.58153409,2334.44
7476,0,0.546183957,2400.99
7477,0,0.560632586,2424.93
7478,0,0.602332461,2357.75
7479,1.13E-05,0.617399322,2282.22
7480,0.001148083,0.392227968,2146.04
7481,0.002582104,0.048839547,2104.59
7482,0.019087441,0,2193.58
7483,0.024844247,0,2193.24
7484,0.054688597,0,2116.96
7485,0.070395137,0,1958.26
7486,0.068825373,0,1810.9
7487,0.085560122,0,1632.67
7488,0.102063103,0,1477.78
7489,0.071431955,0,1378.94
7490,0.065885892,0,1295.18
7491,0.040249178,0,1278.58
7492,0.023711027,0,1291.52
7493,0.019594155,0,1341.85
7494,0.025279704,0,1467.29
7495,0.021951549,0.015226189,1680.87
7496,0.000228612,0.292142082,1945.76
7497,2.42E-05,0.644759476,2173.09
7498,0,0.67089643,2247.09
7499,0.000960698,0.618493907,2306.57
7500,0.003542196,0.580322356,2347.12
7501,0.028246292,0.600897727,2311.39
7502,0.064519291,0.658793476,2224.42
7503,0.074800799,0.690825344,2091.67
7504,0.049022073,0.447279984,2013.07
7505,0.006729701,0.057571785,2018.17
7506,0.005982502,0,2144.05
7507,0.087464832,0,2157.51
7508,0.153318524,0,2097.25
7509,0.244792375,0,1947.47
7510,0.318038179,0,1796.18
7511,0.284063813,0,1650.67
7512,0.329255729,0,1485
7513,0.278666436,0,1334.12
7514,0.23166782,0,1256.02
7515,0.230539709,0,1227.27
7516,0.213052186,0,1228.2
7517,0.217584374,0,1242.53
7518,0.178769834,0,1270.5
7519,0.118298837,0.013785897,1354.37
7520,0.047788389,0.244159977,1417.28
7521,0.002681624,0.43302231,1525.88
7522,0.009438588,0.342797994,1578.03
7523,0.072243324,0.434740131,1568.87
7524,0.123322277,0.474831243,1584.32
7525,0.11492392,0.462076291,1598.97
7526,0.129536176,0.542903165,1564.43
7527,0.159347895,0.564541229,1547.54
7528,0.121805956,0.297636022,1604.55
7529,0.108899138,0.024909523,1674.99
7530,0.141498994,0,1815.16
7531,0.164685288,0,1932.51
7532,0.224981195,0,1915.93
7533,0.294870112,0,1863.11
7534,0.422148102,0,1761.84
7535,0.688226426,0,1576.93
7536,0.743779171,0,1434.62
7537,0.746976037,0,1233.02
7538,0.731270252,0,1159.93
7539,0.71338483,0,1184.31
7540,0.675137673,0,1168.59
7541,0.747553015,0,1161.49
7542,0.780942036,0,1257.86
7543,0.801916054,0.012028854,1246.63
7544,0.804835787,0.265085777,1277.99
7545,0.803023801,0.62313297,1439.43
7546,0.805021352,0.665903886,1512.43
7547,0.804750689,0.574208957,1472.56
7548,0.803893683,0.523602016,1463.26
7549,0.805687643,0.448320862,1476.94
7550,0.805878404,0.224441148,1458.96
7551,0.805886671,0.287982061,1472.02
7552,0.805886045,0.347774042,1481.07
7553,0.803182345,0.05056667,1520.15
7554,0.800458262,0,1662.41
7555,0.802392802,0,1735.74
7556,0.799558686,0,1720.44
7557,0.797695035,0,1701.78
7558,0.799888237,0,1567.58
7559,0.798144075,0,1428.71
7560,0.800107808,0,1284.31
7561,0.796346938,0,1341.86
7562,0.793922883,0,1307
7563,0.78622756,0,1294.2
7564,0.757412816,0,1295.49
7565,0.752060574,0,1337.82
7566,0.757653878,0,1456.19
7567,0.750503437,0.01118368,1681.52
7568,0.757275857,0.262540082,1939.77
7569,0.722605843,0.62049951,2119.13
7570,0.50409217,0.648772785,2246.06
7571,0.668002983,0.596650103,2282.94
7572,0.778978148,0.56326546,2323.93
7573,0.79767176,0.5836591,2301.77
7574,0.802765925,0.646298673,2216.2
7575,0.801984303,0.673553978,2087.55
7576,0.798707979,0.416713558,2017.47
7577,0.773727625,0.042800352,2028.14
7578,0.797824501,0,2144.58
7579,0.799589359,0,2152.87
7580,0.797547664,0,2096.29
7581,0.792291601,0,1937
7582,0.791764342,0,1767.29
7583,0.784851957,0,1608.58
7584,0.744023124,0,1491.09
7585,0.685143431,0,1396.4
7586,0.62735249,0,1305.63
7587,0.573659873,0,1288.62
7588,0.518607054,0,1295.84
7589,0.585028356,0,1343.34
7590,0.651516838,0,1456.32
7591,0.690555612,0.009049152,1677.3
7592,0.737758114,0.121930851,1928.93
7593,0.74568394,0.279293757,2127.11
7594,0.674277151,0.391028316,2236.31
7595,0.715867771,0.408560578,2270.03
7596,0.756630005,0.402319976,2278.73
7597,0.77375091,0.369707929,2290.12
7598,0.7949755,0.29842296,2217.91
7599,0.79849425,0.156071511,2098.5
7600,0.793209063,0.089517703,2005.37
7601,0.794556761,0.007207837,2008.73
7602,0.799986761,0,2145.01
7603,0.798710117,0,2169.55
7604,0.800179176,0,2109.58
7605,0.802785396,0,1965.18
7606,0.804300268,0,1801.57
7607,0.803657096,0,1620.37
7608,0.805601811,0,1488.58
7609,0.805688749,0,1383.49
7610,0.804515824,0,1316.88
7611,0.800277346,0,1306.04
7612,0.800390416,0,1305.69
7613,0.802178953,0,1351.99
7614,0.802569511,0,1462.63
7615,0.802015297,0.000801477,1706.99
7616,0.802222728,0.064181798,1939.02
7617,0.793127654,0.298647863,2145.73
7618,0.770600208,0.441105801,2244.25
7619,0.743978949,0.466864145,2275.12
7620,0.727364798,0.473735173,2288.94
7621,0.716658606,0.449804926,2307.28
7622,0.683137273,0.425460666,2234.87
7623,0.690767441,0.374057925,2086.74
7624,0.682745953,0.139231314,1991.47
7625,0.724632249,0.012258671,1978.75
7626,0.782486156,0,2096.61
7627,0.798863726,0,2121.02
7628,0.803964809,0,2073.44
7629,0.805755826,0,1966.48
7630,0.805886671,0,1798.18
7631,0.805883914,0,1638.15
7632,0.805869395,0,1498.48
7633,0.805360834,0,1385.18
7634,0.803981567,0,1325.5
7635,0.804939485,0,1305.76
7636,0.805217648,0,1307.44
7637,0.804514277,0,1355.05
7638,0.79937036,0,1473.29
7639,0.783021216,0.001243241,1716.85
7640,0.788153053,0.064876667,1930.28
7641,0.771069006,0.139188553,2114.5
7642,0.662849734,0.119061382,2226.49
7643,0.531701632,0.128089808,2255.88
7644,0.487566419,0.100124959,2268.84
7645,0.461704537,0.072767499,2261.97
7646,0.286050212,0.062770153,2167.73
7647,0.209412863,0.032270351,2049.53
7648,0.179168473,0.019971564,1971.5
7649,0.264738326,0.001922209,1997.62
7650,0.333201728,0,2124.16
7651,0.3939223,0,2150.87
7652,0.458434401,0,2116.04
7653,0.519123297,0,1965.48
7654,0.545586435,0,1820.72
7655,0.528926297,0,1669.95
7656,0.520243266,0,1511.57
7657,0.459741342,0,1417.17
7658,0.352725285,0,1337.79
7659,0.261299505,0,1313.1
7660,0.162976146,0,1309.93
7661,0.13447611,0,1359.46
7662,0.193849792,0,1474.1
7663,0.187858385,0.000514757,1715.1
7664,0.113428879,0.043873457,1963.45
7665,0.106326932,0.073884241,2139.33
7666,0.059160009,0.056051326,2262.85
7667,0.025173679,0.076099379,2281.53
7668,0.008821141,0.145995797,2296.93
7669,0.00271534,0.081527801,2308.84
7670,0.015237596,0.08538215,2223.12
7671,0.037878155,0.04317006,2091.96
7672,0.072567348,0.015533066,1999.58
7673,0.04659425,0.000571131,2005.98
7674,0.05735233,0,2139.28
7675,0.047414296,0,2179.6
7676,0.030280181,0,2113.36
7677,0.077351542,0,1953.27
7678,0.178451928,0,1802.95
7679,0.251920919,0,1627.15
7680,0.364943853,0,1484.7
7681,0.597224591,0,1350.67
7682,0.701684393,0,1279.71
7683,0.630704621,0,1245.83
7684,0.74696846,0,1234.28
7685,0.745282895,0,1253.98
7686,0.637780353,0,1279.04
7687,0.558917152,2.54E-06,1373.47
7688,0.679784611,0.015587087,1400.07
7689,0.648069602,0.084406032,1530.52
7690,0.573873162,0.064688111,1572.44
7691,0.51657892,0.062740824,1606.38
7692,0.579156324,0.105661329,1604.5
7693,0.551011746,0.054787189,1602.09
7694,0.471496116,0.062284822,1563.28
7695,0.561691657,0.044136057,1578.77
7696,0.684384158,0.017718366,1622.34
7697,0.670569342,0.001495182,1668.29
7698,0.61912197,0,1851.6
7699,0.623317042,0,1952.19
7700,0.72919849,0,1948.18
7701,0.794884347,0,1884.66
7702,0.799551606,0,1775.17
7703,0.796513794,0,1570.05
7704,0.797707433,0,1426.24
7705,0.799473845,0,1230.18
7706,0.798298369,0,1166.41
7707,0.799654258,0,1180.28
7708,0.803461069,0,1167.1
7709,0.802147916,0,1162.97
7710,0.800466335,0,1246.93
7711,0.796962227,0.00598965,1260.12
7712,0.798165457,0.244607612,1259.84
7713,0.77067096,0.658971756,1407.96
7714,0.761198625,0.688853024,1498.26
7715,0.735552199,0.615099244,1491.78
7716,0.693350734,0.565602139,1486.5
7717,0.638419254,0.584923839,1491.91
7718,0.56096963,0.648279957,1449.44
7719,0.488384407,0.683721012,1462.91
7720,0.410633494,0.404210566,1463.48
7721,0.320024031,0.036042448,1492.47
7722,0.40165926,0,1664.44
7723,0.490453399,0,1751.68
7724,0.543507377,0,1751.58
7725,0.590886578,0,1707.22
7726,0.571603726,0,1595.06
7727,0.526504481,0,1434.99
7728,0.520466744,0,1275.94
7729,0.565166857,0,1344.99
7730,0.610363036,0,1319.31
7731,0.625860064,0,1294.37
7732,0.635440399,0,1299.12
7733,0.648031756,0,1351.47
7734,0.665681877,0,1461.42
7735,0.698809713,0.001062719,1725.39
7736,0.727440573,0.076966901,1963.08
7737,0.724796516,0.424489829,2145.59
7738,0.619963461,0.524952628,2244.81
7739,0.691319877,0.579236499,2285.09
7740,0.773987431,0.469542494,2309.56
7741,0.778977606,0.488797765,2285.71
7742,0.777385613,0.496499547,2207.87
7743,0.771341044,0.443587797,2089.98
7744,0.763840231,0.233185186,1998.4
7745,0.749320199,0.019334595,2007.62
7746,0.785321895,0,2154.51
7747,0.788595085,0,2160.85
7748,0.791261984,0,2096.91
7749,0.801617672,0,1951.87
7750,0.803163342,0,1782.08
7751,0.800177708,0,1633.57
7752,0.799672087,0,1487.54
7753,0.803931165,0,1380.23
7754,0.800710443,0,1304.72
7755,0.80080896,0,1291.29
7756,0.802066264,0,1299.23
7757,0.790693386,0,1350.77
7758,0.801007688,0,1456.35
7759,0.804630824,0.00204177,1710.82
7760,0.805508445,0.088426816,1942.12
7761,0.802286237,0.269070734,2140.52
7762,0.784611766,0.331265912,2247.9
7763,0.752102943,0.481272022,2287.05
7764,0.71125287,0.475197914,2294.74
7765,0.684569861,0.432038654,2280.42
7766,0.675382226,0.45774391,2196.88
7767,0.687863611,0.453196397,2069.81
7768,0.658116735,0.235964464,1998.97
7769,0.667075072,0.01726724,1996.31
7770,0.760464547,0,2121.31
7771,0.77677947,0,2185.76
7772,0.79281711,0,2102
7773,0.795674694,0,1950.99
7774,0.795993538,0,1796.54
7775,0.789417098,0,1673.72
7776,0.752844286,0,1506.79
7777,0.708346687,0,1394.68
7778,0.616315445,0,1327
7779,0.507257184,0,1305.02
7780,0.518412978,0,1307.39
7781,0.535937984,0,1347.22
7782,0.513723411,0,1460.02
7783,0.554407537,0,1697.29
7784,0.620166369,0.029498127,1928.52
7785,0.655837336,0.070294413,2124.46
7786,0.676186372,0.184405611,2232.75
7787,0.589942263,0.27806607,2274.95
7788,0.508954038,0.434812424,2268.4
7789,0.417151379,0.523306073,2268.4
7790,0.348034286,0.573109387,2197.76
7791,0.290819517,0.411059648,2069.89
7792,0.228283387,0.026611501,1996.01
7793,0.204747254,0.002061022,2022.72
7794,0.246162463,0,2121.7
7795,0.286382626,0,2152.53
7796,0.320372577,0,2094.07
7797,0.358582794,0,1949.24
7798,0.400727435,0,1799.63
7799,0.462803307,0,1646.24
7800,0.45372336,0,1500.89
7801,0.456834379,0,1401.61
7802,0.423718349,0,1338.35
7803,0.403395045,0,1332.75
7804,0.394776357,0,1330.03
7805,0.431713238,0,1378.05
7806,0.422204895,0,1493.46
7807,0.424940995,0,1730.02
7808,0.421544292,0.015568364,1963.34
7809,0.407564,0.012759736,2157.27
7810,0.349052278,0.031895408,2261.36
7811,0.328718234,0.054616019,2291.06
7812,0.319015971,0.079397974,2285.08
7813,0.374618208,0.087241717,2261.22
7814,0.413645054,0.040774268,2179.74
7815,0.427357663,0.033428568,2079.2
7816,0.490489636,0.016279862,1994.18
7817,0.548690331,0.000747944,2006.72
7818,0.536405213,0,2127.17
7819,0.614784162,0,2173.18
7820,0.706912293,0,2106.03
7821,0.740246453,0,1958.32
7822,0.784076014,0,1812.42
7823,0.798121065,0,1647.76
7824,0.796858355,0,1516.17
7825,0.802637325,0,1416.16
7826,0.798099512,0,1350.83
7827,0.799820428,0,1320.21
7828,0.793659767,0,1318.41
7829,0.755719252,0,1379.3
7830,0.740841332,0,1487.38
7831,0.53638741,0,1717.56
7832,0.457250944,0.00898623,1940.8
7833,0.417140557,0.028717375,2150.87
7834,0.604410116,0.086716258,2245.67
7835,0.510091414,0.181184515,2268.62
7836,0.439945662,0.097430906,2270.74
7837,0.541848836,0.072046092,2309.62
7838,0.675065262,0.120570573,2208.42
7839,0.742555842,0.088943268,2077.2
7840,0.780257953,0.02482946,1993.24
7841,0.796672651,0.001885771,2025.66
7842,0.797862235,0,2132.46
7843,0.802840594,0,2148.73
7844,0.804928098,0,2088.74
7845,0.805760496,0,1968.69
7846,0.804625321,0,1812.2
7847,0.803386717,0,1650.93
7848,0.804353673,0,1482.7
7849,0.803983903,0,1345.63
7850,0.802375283,0,1266.82
7851,0.798165502,0,1235.46
7852,0.787730454,0,1233.8
7853,0.757253122,0,1246.55
7854,0.706629815,0,1270.33
7855,0.605065718,0,1387.2
7856,0.54218158,0.187467923,1424.48
7857,0.492942694,0.6080277,1529.53
7858,0.378773117,0.651983152,1552
7859,0.289627134,0.578851331,1580.42
7860,0.231898297,0.526783948,1578.36
7861,0.205303284,0.544072273,1575.51
7862,0.175368352,0.606485002,1571.47
7863,0.178981855,0.633372812,1558.74
7864,0.178741532,0.351345493,1603.31
7865,0.192367651,0.027850708,1676.5
7866,0.272034602,0,1827.97
7867,0.328295924,0,1937.89
7868,0.426415388,0,1911.48
7869,0.531055337,0,1862.16
7870,0.655434771,0,1795.13
7871,0.672726539,0,1602.15
7872,0.609395609,0,1447.3
7873,0.499534422,0,1249.61
7874,0.544444779,0,1168.07
7875,0.583226519,0,1195.27
7876,0.621314486,0,1173.39
7877,0.641081912,0,1169.64
7878,0.614737476,0,1258.43
7879,0.6242036,0,1275.33
7880,0.654922411,0.163116667,1263.45
7881,0.684552584,0.567966303,1417.13
7882,0.582383013,0.624858375,1502.24
7883,0.415911132,0.563932631,1507.14
7884,0.373888383,0.513663824,1485.91
7885,0.434978212,0.531172512,1495.73
7886,0.449840857,0.59580779,1441.21
7887,0.435634663,0.621244217,1460.5
7888,0.411600885,0.33137996,1490.8
7889,0.583892718,0.025317964,1522.96
7890,0.743404118,0,1682.65
7891,0.78945115,0,1765.55
7892,0.798833688,0,1760.03
7893,0.796011768,0,1686.1
7894,0.794418706,0,1593.87
7895,0.792925938,0,1440.33
7896,0.790093686,0,1292.44
7897,0.785070509,0,1345.24
7898,0.772020615,0,1318.22
7899,0.75828232,0,1299.6
7900,0.720348427,0,1309.17
7901,0.681315288,0,1356.63
7902,0.68266115,0,1465.35
7903,0.64510622,0,1715.12
7904,0.542722471,0.077760579,1927.61
7905,0.451403843,0.320717463,2143.35
7906,0.358676972,0.43746601,2266.24
7907,0.194569011,0.451899989,2306.69
7908,0.128300202,0.419365029,2304.51
7909,0.104075721,0.453174974,2280.52
7910,0.080970944,0.546678618,2202.31
7911,0.080636024,0.455175266,2064.99
7912,0.052632689,0.132679527,1985.64
7913,0.072105017,0.009758714,2019.24
7914,0.087601585,0,2145.25
7915,0.137471248,0,2190.6
7916,0.189742688,0,2119.7
7917,0.267905904,0,1969.37
7918,0.307919348,0,1834.24
7919,0.285221776,0,1663.2
7920,0.250737946,0,1490.29
7921,0.191643993,0,1386.13
7922,0.154239854,0,1311.49
7923,0.113505726,0,1305.33
7924,0.152029573,0,1308.8
7925,0.17072274,0,1360.07
7926,0.288164856,0,1457.9
7927,0.34497544,0,1703.26
7928,0.328217702,0.099038216,1946.2
7929,0.296648565,0.393598931,2122.58
7930,0.301307689,0.457684579,2254.11
7931,0.227631558,0.410735692,2306.83
7932,0.22226298,0.406677033,2313.9
7933,0.224418486,0.383750861,2284.58
7934,0.24095006,0.40840769,2184.99
7935,0.272488435,0.267211264,2075.92
7936,0.327547618,0.16756845,1987.7
7937,0.436568157,0.011365527,2043.28
7938,0.550696004,0,2143.75
7939,0.700277578,0,2202.72
7940,0.778504178,0,2113.82
7941,0.792171456,0,1952.48
7942,0.801943209,0,1805.28
7943,0.804933402,0,1646.41
7944,0.805395633,0,1490.68
7945,0.805553482,0,1386.75
7946,0.804224524,0,1328.09
7947,0.804675359,0,1309.91
7948,0.805324386,0,1304.23
7949,0.805271974,0,1362.69
7950,0.805178118,0,1465.37
7951,0.803149027,0,1710.96
7952,0.801821226,0.014291718,1967.79
7953,0.797446386,0.164936141,2145.66
7954,0.768183058,0.291223875,2234.44
7955,0.666147924,0.394259919,2278.72
7956,0.519379688,0.315193393,2294.76
7957,0.497972464,0.339535489,2301.8
7958,0.522796049,0.354667934,2198.23
7959,0.511670107,0.404004117,2070.82
7960,0.549706354,0.221187216,1987.82
7961,0.664555216,0.015437939,2020.52
7962,0.739653775,0,2125.19
7963,0.748419999,0,2167.58
7964,0.757663634,0,2113.8
7965,0.752641141,0,1987.23
7966,0.723159139,0,1789.28
7967,0.69944915,0,1645.38
7968,0.635059519,0,1515.46
7969,0.644675798,0,1397.98
7970,0.652447714,0,1327.65
7971,0.629098498,0,1305.95
7972,0.636516408,0,1301.38
7973,0.671695909,0,1356.75
7974,0.685091736,0,1474.94
7975,0.696592298,0,1707.73
7976,0.725561525,0.017563906,1942.13
7977,0.733709756,0.035890237,2150.94
7978,0.768472068,0.11840082,2235.48
7979,0.773552175,0.145398674,2289.53
7980,0.763328344,0.221814571,2301.31
7981,0.768205883,0.214600046,2295.17
7982,0.78023331,0.162870018,2199.6
7983,0.777516021,0.035879582,2079.85
7984,0.803716907,0.09738006,2016.46
7985,0.805455948,0.013986072,2040.1
7986,0.805377361,0,2089.9
7987,0.805840988,0,2135.83
7988,0.805886671,0,2097.49
7989,0.805886671,0,1958.54
7990,0.805886671,0,1804.93
7991,0.804686149,0,1642.77
7992,0.800306071,0,1490.15
7993,0.789217357,0,1391.8
7994,0.741203499,0,1318.05
7995,0.755494076,0,1300.67
7996,0.72907748,0,1300.04
7997,0.76282491,0,1347.21
7998,0.726397446,0,1465.99
7999,0.72270884,0,1729.81
8000,0.758364581,0.092715143,1987.02
8001,0.769575584,0.343971907,2180.04
8002,0.758989926,0.599062562,2257.73
8003,0.770081846,0.548119344,2287.75
8004,0.718609571,0.477363682,2281.85
8005,0.671878475,0.405274632,2271.5
8006,0.680841447,0.219435098,2186.22
8007,0.650807092,0.087327613,2067.54
8008,0.690279949,0.032830356,1991.99
8009,0.702372138,0.002241598,2002.33
8010,0.739350947,0,2148.45
8011,0.762457275,0,2184.34
8012,0.785737896,0,2122.25
8013,0.791724286,0,1956.49
8014,0.777437996,0,1802.6
8015,0.766538299,0,1647
8016,0.773674783,0,1498.23
8017,0.756810309,0,1360.72
8018,0.703671295,0,1270.47
8019,0.747293894,0,1237.74
8020,0.790636809,0,1237.55
8021,0.801133128,0,1235.68
8022,0.798551056,0,1261.89
8023,0.785123306,0,1373.37
8024,0.779461132,0.152697374,1439.21
8025,0.771502952,0.590046292,1558.39
8026,0.748116225,0.667985886,1614.42
8027,0.702988962,0.583661527,1639.93
8028,0.672097097,0.521660212,1669.32
8029,0.645499041,0.536236264,1653.93
8030,0.600691618,0.60410088,1665.94
8031,0.547266619,0.635257739,1636.3
8032,0.476873326,0.341185851,1658.28
8033,0.450845496,0.025177777,1741.67
8034,0.496735804,0,1914.75
8035,0.511544311,0,2000.06
8036,0.535097028,0,1964.02
8037,0.510403974,0,1926.83
8038,0.493350361,0,1800.26
8039,0.437580524,0,1622.46
8040,0.374674392,0,1452.21
8041,0.308911469,0,1246.05
8042,0.253757976,0,1163.41
8043,0.200984081,0,1180.39
8044,0.141151523,0,1160.74
8045,0.086414219,0,1174.27
8046,0.03926753,0,1256.14
8047,0.008322943,0,1263.91
8048,0.000553072,0.127403946,1302.5
8049,0.000527895,0.518715481,1472.02
8050,0.001272245,0.594643459,1540.07
8051,0.004100472,0.472281397,1520.59
8052,0.038014536,0.409246429,1510.89
8053,0.142967034,0.41467921,1527.86
8054,0.222408742,0.453772685,1491.9
8055,0.286387734,0.465280204,1525.62
8056,0.284319815,0.270449869,1575.15
8057,0.277787737,0.017442531,1623.58
8058,0.374112339,0,1802.58
8059,0.540819081,0,1866.27
8060,0.689225712,0,1856.01
8061,0.72278523,0,1816.27
8062,0.762696927,0,1686.96
8063,0.774908945,0,1508.98
8064,0.774956739,0,1351.85
8065,0.755150488,0,1386.42
8066,0.743263058,0,1345.78
8067,0.738443199,0,1315.84
8068,0.743060922,0,1314.5
8069,0.70622938,0,1371.55
8070,0.679829135,0,1487.19
8071,0.664587052,0,1740.66
8072,0.666121842,0.133628621,2009.46
8073,0.647272988,0.555676431,2212.68
8074,0.491327175,0.651127989,2313.14
8075,0.341654421,0.57312578,2348.88
8076,0.221259549,0.480602381,2345.26
8077,0.123994907,0.454000058,2322.53
8078,0.072688335,0.577349121,2254.83
8079,0.04177756,0.618522159,2123.06
8080,0.019112307,0.324436895,2060.44
8081,0.011124719,0.022511979,2080.02
8082,0.004414555,0,2220.51
8083,0.005140537,0,2251.81
8084,0.004484741,0,2176.65
8085,0.005099155,0,1998.28
8086,0.011979123,0,1843.29
8087,0.01327141,0,1690.53
8088,0.01710894,0,1514.71
8089,0.037914532,0,1399.24
8090,0.068298532,0,1316.51
8091,0.08404014,0,1295.44
8092,0.115923369,0,1298.4
8093,0.144303619,0,1349.79
8094,0.200186092,0,1464.91
8095,0.198003163,0,1708.82
8096,0.189832183,0.023244284,1980.64
8097,0.207605994,0.06297179,2166.89
8098,0.228531085,0.358919025,2281.49
8099,0.276088077,0.495441219,2324.49
8100,0.283236585,0.485034341,2365.88
8101,0.299981001,0.499616948,2345.41
8102,0.24953979,0.560404587,2273.73
8103,0.200183669,0.479088041,2131.68
8104,0.194480301,0.172969635,2068.4
8105,0.221288054,0.014966453,2082.93
8106,0.256163911,0,2180.61
8107,0.314119425,0,2231.76
8108,0.367610749,0,2166.68
8109,0.411978798,0,2013.17
8110,0.475566882,0,1848.48
8111,0.530170409,0,1689.51
8112,0.500190244,0,1534.67
8113,0.440708597,0,1414.34
8114,0.45237613,0,1323.22
8115,0.446204687,0,1295.89
8116,0.360267276,0,1294.39
8117,0.313063262,0,1354.02
8118,0.24229038,0,1474.44
8119,0.166227508,0,1718.82
8120,0.146690651,0.009572651,1979.98
8121,0.095440588,0.106450346,2157.86
8122,0.085245877,0.098560375,2260.55
8123,0.03775223,0.200349883,2346.09
8124,0.015826634,0.308261955,2338.29
8125,0.007045628,0.290895369,2319.94
8126,0.007577062,0.308130104,2251.95
8127,0.009070733,0.299260414,2118.65
8128,0.01763067,0.192741236,2035.82
8129,0.038075316,0.014960375,2094.91
8130,0.099438554,0,2257.94
8131,0.16688733,0,2268.48
8132,0.299160063,0,2221.04
8133,0.429784254,0,2041.97
8134,0.52354221,0,1857.59
8135,0.533798127,0,1697.94
8136,0.50476628,0,1528.41
8137,0.499348009,0,1403.59
8138,0.598824734,0,1326.94
8139,0.663345245,0,1306.39
8140,0.698706296,0,1304.57
8141,0.698449614,0,1354.58
8142,0.715801323,0,1466.89
8143,0.764241964,0,1733.45
8144,0.79764639,0.009193144,1991.89
8145,0.78901726,0.038862809,2161.34
8146,0.780112444,0.060571106,2269.82
8147,0.776676043,0.087013195,2325.6
8148,0.771311508,0.07672322,2349.69
8149,0.762547101,0.062477885,2351.95
8150,0.764541903,0.057294545,2307.53
8151,0.770513641,0.03100121,2143.07
8152,0.775828446,0.013523441,2031.59
8153,0.758271695,0.00025629,2067
8154,0.776892847,0,2216.14
8155,0.773839331,0,2263.98
8156,0.778914846,0,2183.28
8157,0.769010996,0,2019.94
8158,0.773120402,0,1860.15
8159,0.761690672,0,1717.51
8160,0.741977314,0,1541.81
8161,0.761889355,0,1402.68
8162,0.738709219,0,1327.94
8163,0.709038846,0,1305.44
8164,0.648842959,0,1305.43
8165,0.620812419,0,1351.89
8166,0.546321754,0,1457.94
8167,0.638002593,0,1719.17
8168,0.491160938,0.000832678,1974.14
8169,0.502871456,0.006271453,2182.96
8170,0.341898627,0.022519118,2300.51
8171,0.2398527,0.051619823,2318.4
8172,0.284818252,0.042540566,2333.81
8173,0.107307397,0.048090781,2341.23
8174,0.051332026,0.060903003,2248.64
8175,0.164054924,0.02574887,2122.28
8176,0.193337817,0.01081517,2036.02
8177,0.232220317,0.000133691,2065.25
8178,0.322594883,0,2208.18
8179,0.391539962,0,2232.75
8180,0.581767545,0,2168.88
8181,0.659797583,0,2031.17
8182,0.76300336,0,1851.61
8183,0.775776224,0,1669.46
8184,0.796102344,0,1505.56
8185,0.803225816,0,1356.26
8186,0.80564002,0,1267.7
8187,0.805825805,0,1241.24
8188,0.805177251,0,1238.68
8189,0.80588296,0,1249.64
8190,0.805586099,0,1275.85
8191,0.805858059,0,1381.58
8192,0.801601021,0.097919231,1437.28
8193,0.79561783,0.497164416,1537.72
8194,0.802737527,0.608076272,1612.04
8195,0.804588621,0.56462728,1645.45
8196,0.801299174,0.506811117,1621.42
8197,0.793078167,0.52195197,1626.77
8198,0.773330013,0.592049054,1625.75
8199,0.740902394,0.618978175,1635.85
8200,0.69568854,0.317258775,1677.44
8201,0.595354174,0.020744038,1745.47
8202,0.572372767,0,1896.35
8203,0.575854864,0,2025.72
8204,0.569427896,0,1985.14
8205,0.556117527,0,1923.44
8206,0.548906308,0,1776
8207,0.540655921,0,1608.34
8208,0.516164282,0,1463.8
8209,0.406747083,0,1248.97
8210,0.295116786,0,1171.83
8211,0.208833597,0,1188.78
8212,0.163315845,0,1173.67
8213,0.180816215,0,1170.95
8214,0.205900834,0,1256.64
8215,0.167042514,0,1291.89
8216,0.111666726,0.080855432,1321.33
8217,0.117480229,0.392231468,1484.11
8218,0.125052721,0.441779587,1567.37
8219,0.144276729,0.417611807,1505.93
8220,0.206197285,0.398438277,1509.73
8221,0.27190694,0.467772572,1520.19
8222,0.366277233,0.548926068,1472.14
8223,0.471773035,0.467090571,1466.76
8224,0.492373792,0.116329069,1506.08
8225,0.540817492,0.006747211,1564.29
8226,0.612084139,0,1724.7
8227,0.618649481,0,1823.74
8228,0.613119606,0,1778.92
8229,0.471235613,0,1744.01
8230,0.393594154,0,1635.04
8231,0.34784373,0,1486
8232,0.312259121,0,1312.68
8233,0.397258107,0,1371.96
8234,0.390894541,0,1326.65
8235,0.417712653,0,1309.21
8236,0.404777356,0,1307.45
8237,0.43596457,0,1357.21
8238,0.382101966,0,1478.59
8239,0.435807632,0,1727.52
8240,0.54136674,0.032009362,1967.61
8241,0.55724956,0.263400978,2163.82
8242,0.739639425,0.442519815,2271.12
8243,0.760371987,0.443665789,2317.86
8244,0.722745009,0.357278127,2328.4
8245,0.704647613,0.404682171,2322.69
8246,0.659011132,0.542299383,2296.19
8247,0.655203488,0.540167091,2148.11
8248,0.671094983,0.303449268,2057.83
8249,0.657186214,0.022388562,2093.54
8250,0.703463623,0,2225.59
8251,0.711505944,0,2267.22
8252,0.714311241,0,2170.38
8253,0.718521156,0,2043.28
8254,0.708348726,0,1873.98
8255,0.70765944,0,1656.24
8256,0.674260227,0,1505.3
8257,0.618016194,0,1404.39
8258,0.572864699,0,1330.45
8259,0.556997452,0,1301.16
8260,0.441863144,0,1297.92
8261,0.425884387,0,1346.78
8262,0.41428058,0,1460.95
8263,0.409119001,0,1754.15
8264,0.351724938,0.068264476,2018.74
8265,0.297315685,0.416391651,2188.92
8266,0.225970063,0.624717222,2294.55
8267,0.152075321,0.565909957,2328.43
8268,0.099203668,0.501669249,2343.18
8269,0.072150602,0.514510946,2332.23
8270,0.043985515,0.585507729,2243.37
8271,0.020275824,0.619992786,2126.46
8272,0.008970717,0.326812347,2046.64
8273,0.00737852,0.022401132,2081.04
8274,0.013675427,0,2204.31
8275,0.013834698,0,2243.65
8276,0.020502393,0,2189.84
8277,0.020325931,0,2037.82
8278,0.013456091,0,1877.2
8279,0.023233635,0,1678.14
8280,0.043568952,0,1529.73
8281,0.064072257,0,1414.32
8282,0.11508099,0,1326.81
8283,0.133959362,0,1299
8284,0.161799094,0,1302.8
8285,0.160629734,0,1360.54
8286,0.124138081,0,1468.51
8287,0.111597588,0,1719.45
8288,0.111143162,0.055954327,2018.23
8289,0.076171031,0.303709688,2183.1
8290,0.05044207,0.472201019,2269.68
8291,0.013848793,0.424558292,2315.6
8292,0.013439381,0.382032555,2336.33
8293,0.011711187,0.358021228,2315.42
8294,0.008505119,0.411980223,2224.7
8295,0.012159242,0.441317189,2085.84
8296,0.0234921,0.226848065,2026.13
8297,0.041983415,0.012036575,2081.32
8298,0.051330213,0,2206.76
8299,0.057344653,0,2250.63
8300,0.055709911,0,2168.44
8301,0.059654971,0,1995.28
8302,0.07789469,0,1839.02
8303,0.146689027,0,1688.69
8304,0.258807515,0,1534.91
8305,0.309957745,0,1409.85
8306,0.301195371,0,1329.17
8307,0.2957296,0,1300.79
8308,0.25048041,0,1303.87
8309,0.227055504,0,1362.6
8310,0.226571536,0,1468.14
8311,0.221359589,0,1728.8
8312,0.231490081,0.061506085,2031.62
8313,0.296994325,0.408091105,2198.98
8314,0.34735914,0.614069283,2279.17
8315,0.314295924,0.554631298,2313.4
8316,0.332219161,0.494479794,2338.02
8317,0.327814783,0.507234219,2322.5
8318,0.367029223,0.580513942,2266.29
8319,0.420449346,0.616884357,2139.21
8320,0.482766569,0.323135924,2053.35
8321,0.631037033,0.021787166,2060.55
8322,0.682881339,0,2181.21
8323,0.681049256,0,2238.9
8324,0.673196115,0,2161.99
8325,0.61376748,0,2016.42
8326,0.641972137,0,1840.6
8327,0.640621568,0,1681.25
8328,0.591642145,0,1516.84
8329,0.547215352,0,1404.44
8330,0.519940784,0,1330.98
8331,0.519308827,0,1303.06
8332,0.504135849,0,1303.56
8333,0.55939419,0,1348.09
8334,0.554041671,0,1466.56
8335,0.540684172,0,1732.55
8336,0.471554022,0.051402986,2021.58
8337,0.399127341,0.355832275,2206.43
8338,0.315486015,0.529621244,2305.72
8339,0.186956222,0.508619523,2331.8
8340,0.126938033,0.45820432,2338.71
8341,0.07947282,0.467901023,2314.57
8342,0.046174716,0.528599439,2245.46
8343,0.016691086,0.546235645,2130.32
8344,0.007379812,0.27974077,2040.92
8345,0.009548049,0.017348049,2063.62
8346,0.018363169,0,2192.18
8347,0.046843088,0,2262.66
8348,0.088218004,0,2217.06
8349,0.112730445,0,2037.4
8350,0.162808682,0,1871.87
8351,0.184147942,0,1706.72
8352,0.259640077,0,1519.07
8353,0.330884897,0,1349.15
8354,0.469436878,0,1261.52
8355,0.500932693,0,1224.52
8356,0.611063171,0,1229.11
8357,0.692306881,0,1239.08
8358,0.741902235,0,1266.1
8359,0.776583561,0,1376.65
8360,0.787963748,0.001958638,1471.12
8361,0.795217846,0.030003538,1560.49
8362,0.78363332,0.09541666,1598.86
8363,0.802414215,0.214021392,1615.62
8364,0.805790661,0.303837404,1641.28
8365,0.805886659,0.23629835,1642.25
8366,0.804788703,0.237118368,1631.47
8367,0.804571295,0.134707527,1624.71
8368,0.80191369,0.045915716,1694.02
8369,0.805115813,0.002469036,1783.86
8370,0.805785954,0,1894.11
8371,0.805703622,0,2010.2
8372,0.805100757,0,1988.13
8373,0.805755174,0,1919.12
8374,0.805668054,0,1790.67
8375,0.805400942,0,1605.85
8376,0.804502134,0,1467.12
8377,0.805094357,0,1254.39
8378,0.803511297,0,1175.23
8379,0.805651195,0,1190.58
8380,0.805651166,0,1169.46
8381,0.803756883,0,1172.99
8382,0.801687293,0,1252.52
8383,0.804947093,0,1276.74
8384,0.803063442,0.019109079,1329.79
8385,0.798150512,0.254257362,1447.85
8386,0.802364163,0.540030456,1555.98
8387,0.802210808,0.475050763,1522.36
8388,0.795333625,0.41373671,1517.9
8389,0.759913061,0.385058527,1573.7
8390,0.763204394,0.40073261,1512.4
8391,0.741301725,0.392734211,1492.69
8392,0.727344448,0.106443289,1509.22
8393,0.648163547,0.006109656,1596.5
8394,0.692389708,0,1733.36
8395,0.733974204,0,1815.63
8396,0.718208334,0,1807.71
8397,0.660534029,0,1765.16
8398,0.624802626,0,1640.08
8399,0.543683804,0,1530.72
8400,0.43692487,0,1331.94
8401,0.317476771,0,1369.96
8402,0.235546071,0,1342.78
8403,0.227941188,0,1316.08
8404,0.219246849,0,1309.75
8405,0.207647695,0,1355.69
8406,0.196610015,0,1473.66
8407,0.235171168,0,1746.16
8408,0.262753576,0.055077576,2019.39
8409,0.312125916,0.398065377,2205.99
8410,0.507990846,0.560645091,2287.87
8411,0.590419372,0.504569189,2339.68
8412,0.555673261,0.358212842,2346.97
8413,0.590253361,0.150341756,2311.19
8414,0.618311588,0.095907297,2232.36
8415,0.633353932,0.057688921,2109.02
8416,0.642466319,0.053868301,2043.26
8417,0.644807331,0.003371588,2068.17
8418,0.696024523,0,2171.38
8419,0.716139808,0,2231.04
8420,0.734926261,0,2159.99
8421,0.744201375,0,2011.1
8422,0.738906504,0,1844.92
8423,0.711154887,0,1671.46
8424,0.695742798,0,1521.82
8425,0.711995522,0,1422.61
8426,0.728425116,0,1350.78
8427,0.721083811,0,1318.52
8428,0.717260109,0,1307.68
8429,0.687232281,0,1368.41
8430,0.673907574,0,1478.38
8431,0.677209767,0,1724.89
8432,0.665520363,0.054199684,2008.7
8433,0.682068641,0.353918036,2165.76
8434,0.638934727,0.503151346,2277.65
8435,0.614663959,0.537669735,2315.17
8436,0.593069317,0.512740836,2327.83
8437,0.577238414,0.524502234,2320.58
8438,0.573785295,0.603259821,2253.62
8439,0.562764837,0.652841143,2138.37
8440,0.583151782,0.36653996,2059.51
8441,0.562739584,0.028254888,2078.57
8442,0.58616577,0,2204.02
8443,0.568547012,0,2267.1
8444,0.525640697,0,2160.39
8445,0.488414663,0,2023.77
8446,0.380997811,0,1858.96
8447,0.276954153,0,1705.55
8448,0.192686739,0,1535.7
8449,0.118723564,0,1422.03
8450,0.061249381,0,1345.93
8451,0.033871992,0,1309.88
8452,0.030721173,0,1304.39
8453,0.039652492,0,1349.98
8454,0.079934971,0,1475.28
8455,0.210595714,0,1734.66
8456,0.303513814,0.050461058,2005.94
8457,0.382574246,0.341221521,2166.07
8458,0.482055622,0.508046347,2287.44
8459,0.537897568,0.489975191,2342.99
8460,0.700068626,0.461504532,2354.05
8461,0.795892866,0.485295705,2340.02
8462,0.800418829,0.546384583,2250.56
8463,0.795485701,0.334652933,2139.74
8464,0.783177235,0.030989083,2033.4
8465,0.795538586,0.002257731,2047.92
8466,0.804556107,0,2171.19
8467,0.805180423,0,2238.94
8468,0.805880158,0,2186.46
8469,0.805886671,0,2031.78
8470,0.80549604,0,1842.2
8471,0.804843245,0,1686.4
8472,0.804414063,0,1528.04
8473,0.803062833,0,1398.51
8474,0.79929506,0,1327.08
8475,0.798022382,0,1296.28
8476,0.796370008,0,1299.68
8477,0.789605197,0,1341.18
8478,0.765857958,0,1449.17
8479,0.747698137,0,1702.85
8480,0.761885366,0.007237509,1983.3
8481,0.741221686,0.02276489,2163.45
8482,0.689843388,0.037900652,2271.9
8483,0.513998671,0.059338586,2332.67
8484,0.355451635,0.102864198,2340.13
8485,0.272759011,0.170333863,2344.02
8486,0.173637874,0.248414885,2242.74
8487,0.098339334,0.249498797,2114.94
8488,0.045258075,0.079514876,2028.61
8489,0.030100142,0.005330462,2064.75
8490,0.02157901,0,2197.93
8491,0.00907194,0,2264.95
8492,0.013312636,0,2206.76
8493,0.028502039,0,2045.44
8494,0.056359874,0,1871.7
8495,0.128295406,0,1679.83
8496,0.207626466,0,1515.49
8497,0.326225059,0,1404.59
8498,0.367163501,0,1320.41
8499,0.442939692,0,1296.8
8500,0.478412713,0,1308.05
8501,0.521642435,0,1366.41
8502,0.580115979,0,1485.66
8503,0.668620433,0,1756.65
8504,0.725792221,0.001257344,2061.88
8505,0.752640409,0.017135593,2219.6
8506,0.762119825,0.043200898,2337.18
8507,0.781615301,0.065032462,2373.41
8508,0.794580764,0.11875639,2361.83
8509,0.780307573,0.095061644,2377.62
8510,0.776203513,0.046253219,2280.19
8511,0.790180574,0.056982416,2177.84
8512,0.801100262,0.030087693,2074.24
8513,0.805087604,0.002125132,2106.93
8514,0.805658097,0,2258.14
8515,0.805886671,0,2281.47
8516,0.805886671,0,2206.3
8517,0.805886671,0,2041.91
8518,0.805886671,0,1871.65
8519,0.805882265,0,1705.94
8520,0.805886671,0,1518.42
8521,0.805793564,0,1349.46
8522,0.80523878,0,1259.2
8523,0.805221612,0,1223.39
8524,0.802324546,0,1222.74
8525,0.801299241,0,1244.89
8526,0.799158658,0,1296.9
8527,0.797135425,0,1393.12
8528,0.802150616,0.018230561,1469.57
8529,0.794803564,0.222433878,1550.92
8530,0.715551889,0.418112047,1587
8531,0.579831343,0.388088998,1608.8
8532,0.439021115,0.443990189,1631.98
8533,0.328172358,0.42857549,1630.44
8534,0.289630648,0.497856262,1623.14
8535,0.254584639,0.339101179,1652.12
8536,0.197293481,0.125157464,1652.97
8537,0.206999565,0.008658255,1743.53
8538,0.214736186,0,1898.19
8539,0.154493574,0,2032.58
8540,0.06848149,0,2000.57
8541,0.016160548,0,1928.95
8542,0.01344997,0,1814.24
8543,0.033136617,0,1648.53
8544,0.079910095,0,1493.35
8545,0.09187285,0,1255.18
8546,0.205446368,0,1172.24
8547,0.155216382,0,1185.13
8548,0.16952244,0,1171.75
8549,0.344493837,0,1169.64
8550,0.628532308,0,1255.21
8551,0.663052237,0,1277.13
8552,0.628234311,0.015692962,1314.87
8553,0.602006382,0.139379686,1467.15
8554,0.508697441,0.372060405,1597.26
8555,0.332105547,0.487680531,1543.4
8556,0.294224476,0.41340181,1547.17
8557,0.380484106,0.310623588,1535.35
8558,0.470226744,0.328933169,1506.18
8559,0.493524557,0.29965178,1538.66
8560,0.526666901,0.228086694,1556.71
8561,0.659098268,0.023873448,1590.33
8562,0.748646124,0,1734.15
8563,0.771590257,0,1856.14
8564,0.799898743,0,1809.79
8565,0.799628819,0,1738.19
8566,0.790041271,0,1636.67
8567,0.764358624,0,1452.84
8568,0.713761598,0,1299.36
8569,0.702747211,0,1339.88
8570,0.637893742,0,1312.95
8571,0.600237206,0,1298.36
8572,0.577468879,0,1306.93
8573,0.515123052,0,1339.83
8574,0.485835363,0,1470.3
8575,0.477237542,0,1718.45
8576,0.447590826,0.045478239,1988.42
8577,0.41407261,0.355000665,2156.43
8578,0.430396386,0.537483992,2259.82
8579,0.43122157,0.507900625,2280.77
8580,0.384323763,0.464807597,2303.48
8581,0.344815475,0.511548285,2350.78
8582,0.322614067,0.58499413,2268.12
8583,0.305426351,0.641432773,2139.42
8584,0.285296645,0.376393029,2041.58
8585,0.312155864,0.032003452,2058.51
8586,0.345462321,0,2209.57
8587,0.296892057,0,2226.03
8588,0.223834756,0,2177.36
8589,0.170353014,0,2024.27
8590,0.135916437,0,1852.13
8591,0.074418798,0,1681.88
8592,0.036484791,0,1518.21
8593,0.028585384,0,1404.65
8594,0.030268618,0,1330.16
8595,0.027305831,0,1304.79
8596,0.02029652,0,1297.53
8597,0.015507065,0,1345.24
8598,0.023607811,0,1462.13
8599,0.028960193,0,1722.37
8600,0.055688411,0.004836318,1990.89
8601,0.058982007,0.040203472,2159.72
8602,0.063667585,0.07900234,2291.37
8603,0.154082604,0.271422127,2352.83
8604,0.391321323,0.445562029,2336.91
8605,0.547520051,0.479320674,2323.37
8606,0.654993978,0.545178944,2245.12
8607,0.685250711,0.4259841,2137.62
8608,0.718103642,0.262694487,2057.48
8609,0.782897973,0.021090486,2079.12
8610,0.793410458,0,2210.52
8611,0.789286438,0,2249.09
8612,0.77533853,0,2202.5
8613,0.768870796,0,2004.27
8614,0.763168104,0,1860.75
8615,0.75864889,0,1688.98
8616,0.761378181,0,1534.19
8617,0.78268752,0,1415.06
8618,0.771932691,0,1340.74
8619,0.784767176,0,1306.83
8620,0.796280533,0,1302.59
8621,0.795611095,0,1357.59
8622,0.803439802,0,1479.51
8623,0.802114867,0,1727.11
8624,0.795685099,0.050276023,2015.89
8625,0.794559642,0.351042613,2175.9
8626,0.795611565,0.627895884,2290.79
8627,0.795672915,0.569541194,2291.58
8628,0.789148154,0.500852013,2335.38
8629,0.778985878,0.505412728,2328.4
8630,0.768612135,0.576911046,2254.62
8631,0.746224144,0.635079419,2118.53
8632,0.723482015,0.38168149,2010.87
8633,0.700152369,0.034324722,2061.42
8634,0.688206763,0,2190.46
8635,0.61868047,0,2218.12
8636,0.482385166,0,2160.39
8637,0.293169493,0,2011.38
8638,0.105852016,0,1845.56
8639,0.028997418,0,1663.93
8640,0.031597065,0,1512.08
8641,0.148591469,0,1404.71
8642,0.303205373,0,1324.37
8643,0.376140303,0,1300.28
8644,0.367148984,0,1296.28
8645,0.427552199,0,1349.8
8646,0.53591018,0,1472.92
8647,0.615753336,0,1714.48
8648,0.68655758,0.00359575,2010.7
8649,0.697544278,0.038254892,2180.83
8650,0.662486322,0.095766485,2291.98
8651,0.682465192,0.191855072,2338.71
8652,0.705238408,0.17446398,2339.8
8653,0.738942693,0.122459413,2342.71
8654,0.690436839,0.063716023,2230.3
8655,0.67599003,0.03700471,2106.34
8656,0.727612312,0.005985933,2029.85
8657,0.80148243,4.73E-05,2071.96
8658,0.805886671,0,2183.14
8659,0.805886671,0,2214.32
8660,0.778273258,0,2161.33
8661,0.381902226,0,2021.48
8662,0.057340812,0,1854.84
8663,0.067198335,0,1700.45
8664,0.241153807,0,1532.88
8665,0.582022211,0,1411.34
8666,0.802522222,0,1312.04
8667,0.801321133,0,1300.9
8668,0.801170271,0,1297.98
8669,0.800097007,0,1350.02
8670,0.800445968,0,1478.26
8671,0.803288403,0,1710.14
8672,0.797637004,0.039647689,2020.14
8673,0.793727204,0.368936678,2193.81
8674,0.796354547,0.544200448,2282.5
8675,0.805672986,0.359458282,2330.42
8676,0.805879454,0.230784229,2349.12
8677,0.80587796,0.18008275,2350.9
8678,0.805882771,0.185326669,2263.2
8679,0.805886671,0.088000415,2161.1
8680,0.805886671,0.092117881,2079.86
8681,0.80586995,0.031152601,2127.05
8682,0.796204723,0,2267.03
8683,0.786378923,0,2282.03
8684,0.785800038,0,2219.53
8685,0.78619236,0,2073.36
8686,0.78628718,0,1900.46
8687,0.786141213,0,1732.76
8688,0.786109327,0,1522.46
8689,0.795298307,0,1341.9
8690,0.804815489,0,1266.68
8691,0.804780107,0,1228.74
8692,0.803300904,0,1213.46
8693,0.798880437,0,1230.15
8694,0.78982607,0,1272.98
8695,0.770421608,0,1382.28
8696,0.737058123,0.048194398,1461.92
8697,0.72888454,0.356757309,1578.64
8698,0.656957684,0.55582478,1633.56
8699,0.556934528,0.551461258,1662.04
8700,0.457972733,0.471944466,1649.47
8701,0.405285199,0.391950632,1647.72
8702,0.35889971,0.413204301,1640.22
8703,0.375078002,0.364565521,1605.49
8704,0.356960218,0.095651721,1674.12
8705,0.402053145,0.00711528,1775.83
8706,0.524157539,0,1939.27
8707,0.556702604,0,2049.54
8708,0.504335079,0,1994.03
8709,0.502563176,0,1929.14
8710,0.468797948,0,1809.69
8711,0.39970987,0,1619.49
8712,0.297280029,0,1479.16
8713,0.20048833,0,1248.82
8714,0.133646733,0,1165.44
8715,0.082956707,0,1181.21
8716,0.071159569,0,1165.34
8717,0.090982494,0,1158.68
8718,0.158858872,0,1250.94
8719,0.192557447,0,1269
8720,0.180755501,0.038628799,1316.92
8721,0.22635432,0.196607034,1472.35
8722,0.357353317,0.412065681,1564.84
8723,0.37796732,0.423790665,1551.3
8724,0.321103667,0.385853091,1484.8
8725,0.356067704,0.468170951,1491.11
8726,0.35390879,0.538523326,1490.44
8727,0.345415282,0.481477925,1500.43
8728,0.351488736,0.155037393,1546.02
8729,0.327638945,0.024054393,1590.96
8730,0.330071379,0,1798.81
8731,0.342079952,0,1841.63
8732,0.324241193,0,1807.46
8733,0.353407954,0,1746.67
8734,0.414745544,0,1619.38
8735,0.447900112,0,1477.16
8736,0.502517387,0,1327.43
8737,0.57981752,0,1362.88
8738,0.616169105,0,1326.01
8739,0.660709602,0,1297.03
8740,0.648544538,0,1299.31
8741,0.577751045,0,1344.1
8742,0.562758736,0,1462.57
8743,0.548571225,0,1717.36
8744,0.501326042,0.014056688,2013.04
8745,0.459438476,0.130715049,2170.77
8746,0.395198889,0.338041573,2315.66
8747,0.283811864,0.399759695,2329.33
8748,0.199078451,0.415780479,2356.34
8749,0.199218904,0.239458679,2337.41
8750,0.112196115,0.100969925,2256.58
8751,0.072963341,0.264202315,2121.56
8752,0.10323317,0.327190614,2055.32
8753,0.244256701,0.028257087,2069.83
8754,0.383098389,0,2228.43
8755,0.464631819,0,2250.4
8756,0.674898696,0,2180.55
8757,0.688842667,0,2026.16
8758,0.671843633,0,1838.41
8759,0.618110244,0,1687.97
8760,0.579170762,0,1539.75